URL,Title,Brand,MRP,Current Price,Discount %,Rating,Reviews,Brand,Capacity,Colour,Product Dimensions,Special Feature
https://www.amazon.in/larrito-Stainless-Multifunctional-Electric-Household/dp/B0FDQBP99K/ref=sr_1_8?crid=2K91KPZM8IIUC&dib=eyJ2IjoiMSJ9.wAXCpDf_PYiMOxXmh3IMWr85VDEabAdNxCuWmCvL8iNRP1xazJ_aKNHGtwLyjWDOjp1615HtbpjsRdL11-VzVhJGx0ptRIqrF4Ph_WUtO2m5LjrS9OxhgVIPNceEAEo2_g4XZ-sv8KasJdJwwfWvVKgEluvcGOq9DZ1QxNCaLSx9VzfNNi-FhLs0Ur2y4OvqpYXbbaVeplO1Yv8-aIV9ciue69zxzV9YqGoYVc5Ca8U.oxtLbzCR2tQ9rxOehCmS4mtNaNqPpui1P5EYE5F9YqU&dib_tag=se&keywords=grinder&qid=1759257048&sprefix=grinder%2Caps%2C236&sr=8-8,larrito Stainless Steel Nima Multifunctional Grinder Smash Machine Coffee Beans Electric Grinder and Coffee Maker Household Electric Mixer Grinder (Stainless Steel),Larrito,1499,599,60,4.0,100,Larrito,N/A,Silver,10L x 12W x 4H Centimeters,N/A
https://www.amazon.in/Prestige-Grinder-Attachment-Stainless-Warranty/dp/B0D87PT9SY/ref=sr_1_16?crid=2K91KPZM8IIUC&dib=eyJ2IjoiMSJ9.wAXCpDf_PYiMOxXmh3IMWr85VDEabAdNxCuWmCvL8iNRP1xazJ_aKNHGtwLyjWDOjp1615HtbpjsRdL11-VzVhJGx0ptRIqrF4Ph_WUtO2m5LjrS9OxhgVIPNceEAEo2_g4XZ-sv8KasJdJwwfWvVKgEluvcGOq9DZ1QxNCaLSx9VzfNNi-FhLs0Ur2y4OvqpYXbbaVeplO1Yv8-aIV9ciue69zxzV9YqGoYVc5Ca8U.oxtLbzCR2tQ9rxOehCmS4mtNaNqPpui1P5EYE5F9YqU&dib_tag=se&keywords=grinder&qid=1759257048&sprefix=grinder%2Caps%2C236&sr=8-16,Prestige Ultima Pro 2 Litre Table Top Wet Grinder |200 Watts Heavy Duty Motor|Coconut Scraper Attachment|Atta Kneader Attachment|Stainless Steel Drum|2 Years Warranty|Grey & Black,Prestige,9499,3849,59,3.5,2645,Prestige,N/A,Grey and Black,47L x 30W x 30H Centimeters,N/A
https://www.amazon.in/Lifelong-Liquidizing-Smoothies-Stainless-Function/dp/B0F93Z2PRJ/ref=sr_1_19?crid=2K91KPZM8IIUC&dib=eyJ2IjoiMSJ9.wAXCpDf_PYiMOxXmh3IMWr85VDEabAdNxCuWmCvL8iNRP1xazJ_aKNHGtwLyjWDOjp1615HtbpjsRdL11-VzVhJGx0ptRIqrF4Ph_WUtO2m5LjrS9OxhgVIPNceEAEo2_g4XZ-sv8KasJdJwwfWvVKgEluvcGOq9DZ1QxNCaLSx9VzfNNi-FhLs0Ur2y4OvqpYXbbaVeplO1Yv8-aIV9ciue69zxzV9YqGoYVc5Ca8U.oxtLbzCR2tQ9rxOehCmS4mtNaNqPpui1P5EYE5F9YqU&dib_tag=se&keywords=grinder&qid=1759257048&sprefix=grinder%2Caps%2C236&sr=8-19,"Lifelong Mixer Grinder for Kitchen | 3 Jar 500 Watt Mixie with Chutney Jar, Liquidizing Jar & Wet Grinder | Blender for Juices, Smoothies & Purees with Stainless Steel Blades, 3-Speed & Pulse Function",Lifelong,3999,1200,70,4.1,14,Lifelong,N/A,Green,38D x 23W x 39H Centimeters,Anti-Skid
https://www.amazon.in/NutriPro-Bullet-Juicer-Grinder-Blades/dp/B09J2T124D/ref=sr_1_3?crid=2K91KPZM8IIUC&dib=eyJ2IjoiMSJ9.wAXCpDf_PYiMOxXmh3IMWr85VDEabAdNxCuWmCvL8iNRP1xazJ_aKNHGtwLyjWDOjp1615HtbpjsRdL11-VzVhJGx0ptRIqrF4Ph_WUtO2m5LjrS9OxhgVIPNceEAEo2_g4XZ-sv8KasJdJwwfWvVKgEluvcGOq9DZ1QxNCaLSx9VzfNNi-FhLs0Ur2y4OvqpYXbbaVeplO1Yv8-aIV9ciue69zxzV9YqGoYVc5Ca8U.oxtLbzCR2tQ9rxOehCmS4mtNaNqPpui1P5EYE5F9YqU&dib_tag=se&keywords=grinder&qid=1759257048&sprefix=grinder%2Caps%2C236&sr=8-3,"NutriPro Juicer Mixer Grinder - Smoothie Maker - 500 Watts (2 Jars & 1 Blade, Silver) - 2 Year Warranty",nutripro,5000,1400,72,4.3,19690,nutripro,300 Milliliters,Silver,30.3D x 13.3W x 22.4H Centimeters,Powerful Motor
https://www.amazon.in/Longway-Super-Dlx-Mixer-Grinder/dp/B0C33FLXJJ/ref=sr_1_13?crid=2K91KPZM8IIUC&dib=eyJ2IjoiMSJ9.wAXCpDf_PYiMOxXmh3IMWr85VDEabAdNxCuWmCvL8iNRP1xazJ_aKNHGtwLyjWDOjp1615HtbpjsRdL11-VzVhJGx0ptRIqrF4Ph_WUtO2m5LjrS9OxhgVIPNceEAEo2_g4XZ-sv8KasJdJwwfWvVKgEluvcGOq9DZ1QxNCaLSx9VzfNNi-FhLs0Ur2y4OvqpYXbbaVeplO1Yv8-aIV9ciue69zxzV9YqGoYVc5Ca8U.oxtLbzCR2tQ9rxOehCmS4mtNaNqPpui1P5EYE5F9YqU&dib_tag=se&keywords=grinder&qid=1759257048&sprefix=grinder%2Caps%2C236&sr=8-13,"Longway Super Dlx 750 Watt Juicer Mixer Grinder with 4 Jars for Grinding, Mixing, Juicing with Powerful Motor | 1 Year Warranty | (Black & Gray, 4 Jars)",LONGWAY,3899,1282,67,4.1,1464,LONGWAY,1.2 litres,Black,30D x 22W x 22H Centimeters,"Adjustable Speed Control, Auto Shut Off, Safety Lock"
https://www.amazon.in/Longway-Super-Dlx-Mixer-Grinder/dp/B0BMVR5ZHN/ref=sr_1_14?crid=2K91KPZM8IIUC&dib=eyJ2IjoiMSJ9.wAXCpDf_PYiMOxXmh3IMWr85VDEabAdNxCuWmCvL8iNRP1xazJ_aKNHGtwLyjWDOjp1615HtbpjsRdL11-VzVhJGx0ptRIqrF4Ph_WUtO2m5LjrS9OxhgVIPNceEAEo2_g4XZ-sv8KasJdJwwfWvVKgEluvcGOq9DZ1QxNCaLSx9VzfNNi-FhLs0Ur2y4OvqpYXbbaVeplO1Yv8-aIV9ciue69zxzV9YqGoYVc5Ca8U.oxtLbzCR2tQ9rxOehCmS4mtNaNqPpui1P5EYE5F9YqU&dib_tag=se&keywords=grinder&qid=1759257048&sprefix=grinder%2Caps%2C236&sr=8-14,Longway Super Dlx 4 Jar 750 Watt Mixer Grinder - Black & Grey | ABS body | Heavy Duty Motor | Nano-grinding technology | 304 Grade Stainless Steel Blade | Noise levels 80-90 DB |1 Years warranty,LONGWAY,3899,1299,67,4.2,2016,LONGWAY,1.2 litres,Black::Grey,31D x 21W x 22H Centimeters,Heavy Duty
https://www.amazon.in/Lifelong-LLMG23-500-Watt-Liquidizing-Stainless/dp/B09X5C9VLK/ref=sr_1_4?crid=2K91KPZM8IIUC&dib=eyJ2IjoiMSJ9.wAXCpDf_PYiMOxXmh3IMWr85VDEabAdNxCuWmCvL8iNRP1xazJ_aKNHGtwLyjWDOjp1615HtbpjsRdL11-VzVhJGx0ptRIqrF4Ph_WUtO2m5LjrS9OxhgVIPNceEAEo2_g4XZ-sv8KasJdJwwfWvVKgEluvcGOq9DZ1QxNCaLSx9VzfNNi-FhLs0Ur2y4OvqpYXbbaVeplO1Yv8-aIV9ciue69zxzV9YqGoYVc5Ca8U.oxtLbzCR2tQ9rxOehCmS4mtNaNqPpui1P5EYE5F9YqU&dib_tag=se&keywords=grinder&qid=1759257048&sprefix=grinder%2Caps%2C236&sr=8-4,"Lifelong LLMG23 Power Pro 500-Watt Mixer Grinder with 3 Jars (Liquidizing, Wet Grinding and Chutney Jar), Stainless Steel blades, 1 Year Warranty (Black)",Lifelong,3500,999,71,3.9,49476,Lifelong,1.5 litres,Black,11.5D x 13.8W x 7.9H Centimeters,"Adjustable Speed Control, Anti-Skid, Overload Protection"
https://www.amazon.in/Bajaj-GX-Mixer-Grinder-Function/dp/B0BB3SDD7J/ref=sr_1_7?crid=2K91KPZM8IIUC&dib=eyJ2IjoiMSJ9.wAXCpDf_PYiMOxXmh3IMWr85VDEabAdNxCuWmCvL8iNRP1xazJ_aKNHGtwLyjWDOjp1615HtbpjsRdL11-VzVhJGx0ptRIqrF4Ph_WUtO2m5LjrS9OxhgVIPNceEAEo2_g4XZ-sv8KasJdJwwfWvVKgEluvcGOq9DZ1QxNCaLSx9VzfNNi-FhLs0Ur2y4OvqpYXbbaVeplO1Yv8-aIV9ciue69zxzV9YqGoYVc5Ca8U.oxtLbzCR2tQ9rxOehCmS4mtNaNqPpui1P5EYE5F9YqU&dib_tag=se&keywords=grinder&qid=1759257048&sprefix=grinder%2Caps%2C236&sr=8-7,Bajaj GX-1 Mixer Grinder 500W | Superior Mixie For Kitchen | 2-In-1 For Dry Grinding | Blade Function With Titan Motor | 3 Stainless Steel Mixer Jars | 1 Year Product Warranty By Bajaj 【Black】,Bajaj,4125,1899,54,3.9,22722,Bajaj,1.2 litres,Black,22D x 23W x 42H Centimeters,Manual
https://www.amazon.in/USHA-RapidMix-500-Watt-Copper-Grinder/dp/B08MXJYB2V/ref=sr_1_18?crid=2K91KPZM8IIUC&dib=eyJ2IjoiMSJ9.wAXCpDf_PYiMOxXmh3IMWr85VDEabAdNxCuWmCvL8iNRP1xazJ_aKNHGtwLyjWDOjp1615HtbpjsRdL11-VzVhJGx0ptRIqrF4Ph_WUtO2m5LjrS9OxhgVIPNceEAEo2_g4XZ-sv8KasJdJwwfWvVKgEluvcGOq9DZ1QxNCaLSx9VzfNNi-FhLs0Ur2y4OvqpYXbbaVeplO1Yv8-aIV9ciue69zxzV9YqGoYVc5Ca8U.oxtLbzCR2tQ9rxOehCmS4mtNaNqPpui1P5EYE5F9YqU&dib_tag=se&keywords=grinder&qid=1759257048&sprefix=grinder%2Caps%2C236&sr=8-18,"USHA Rapidmix 500-Watt Copper Motor Mixer Grinder With 3 Jars And 2 Years Product Warranty & 5 Years Motor Warranty (Sea Green/White), 500 Watt",USHA,3390,2000,41,4.0,5524,USHA,1.2 litres,White & Blue,42D x 35W x 50H Centimeters,"Adjustable Speed Control, Anti-Skid, Lightweight, Overload Protection, Shock Resistant"
https://www.amazon.in/Butterfly-150-Watt-Grinder-Scrapper-Attachment/dp/B078HG2ZPS/ref=sr_1_5?crid=2K91KPZM8IIUC&dib=eyJ2IjoiMSJ9.wAXCpDf_PYiMOxXmh3IMWr85VDEabAdNxCuWmCvL8iNRP1xazJ_aKNHGtwLyjWDOjp1615HtbpjsRdL11-VzVhJGx0ptRIqrF4Ph_WUtO2m5LjrS9OxhgVIPNceEAEo2_g4XZ-sv8KasJdJwwfWvVKgEluvcGOq9DZ1QxNCaLSx9VzfNNi-FhLs0Ur2y4OvqpYXbbaVeplO1Yv8-aIV9ciue69zxzV9YqGoYVc5Ca8U.oxtLbzCR2tQ9rxOehCmS4mtNaNqPpui1P5EYE5F9YqU&dib_tag=se&keywords=grinder&qid=1759257048&sprefix=grinder%2Caps%2C236&sr=8-5,Butterfly Smart 2 Litres Table-Top Wet Grinder|150 Watts|Shockproof ABS Body| Coconut Scrapper Attachment|2 stones with 4-Way Grinding| Stainless Steel Drum | 2 Years Manufacturer's Warranty | White,Butterfly,5156,3999,25,4.0,16622,Butterfly,N/A,White and Grey,47.5L x 31W x 31H Centimeters,N/A
https://www.amazon.in/Cookwell-Bullet-Mixer-Grinder-Silver/dp/B097XJQZ8H/ref=sr_1_6?crid=2K91KPZM8IIUC&dib=eyJ2IjoiMSJ9.wAXCpDf_PYiMOxXmh3IMWr85VDEabAdNxCuWmCvL8iNRP1xazJ_aKNHGtwLyjWDOjp1615HtbpjsRdL11-VzVhJGx0ptRIqrF4Ph_WUtO2m5LjrS9OxhgVIPNceEAEo2_g4XZ-sv8KasJdJwwfWvVKgEluvcGOq9DZ1QxNCaLSx9VzfNNi-FhLs0Ur2y4OvqpYXbbaVeplO1Yv8-aIV9ciue69zxzV9YqGoYVc5Ca8U.oxtLbzCR2tQ9rxOehCmS4mtNaNqPpui1P5EYE5F9YqU&dib_tag=se&keywords=grinder&qid=1759257048&sprefix=grinder%2Caps%2C236&sr=8-6,"Cookwell Bullet Mixer Grinder (5 Jars, 3 Blades, Silver) - Copper, 600 Watts - 2 Year Warranty",COOKWELL,6000,1999,68,4.3,19374,COOKWELL,3 litres,Silver,14D x 14W x 30H Centimeters,Compact
https://www.amazon.in/Philips-HL7756-00-750-Watt-Grinder/dp/B01GZSQJPA/ref=sr_1_9?crid=2K91KPZM8IIUC&dib=eyJ2IjoiMSJ9.wAXCpDf_PYiMOxXmh3IMWr85VDEabAdNxCuWmCvL8iNRP1xazJ_aKNHGtwLyjWDOjp1615HtbpjsRdL11-VzVhJGx0ptRIqrF4Ph_WUtO2m5LjrS9OxhgVIPNceEAEo2_g4XZ-sv8KasJdJwwfWvVKgEluvcGOq9DZ1QxNCaLSx9VzfNNi-FhLs0Ur2y4OvqpYXbbaVeplO1Yv8-aIV9ciue69zxzV9YqGoYVc5Ca8U.oxtLbzCR2tQ9rxOehCmS4mtNaNqPpui1P5EYE5F9YqU&dib_tag=se&keywords=grinder&qid=1759257048&sprefix=grinder%2Caps%2C236&sr=8-9,"Philips HL7756/01 750 Watt Mixer Grinder, 3 Stainless Steel Multipurpose Jars with 3 Speed Control and Pulse function (Black)",Philips,4795,2685,44,4.0,33971,Philips,1500 Milliliters,BLACK,37D x 21W x 26H Centimeters,"Adjustable Speed Control, Leak Proof"
https://www.amazon.in/Bosch-TrueMixx-Pro-Grinder-Watt-MGM8842MIN/dp/B07MKMFKPG/ref=sr_1_15?crid=2K91KPZM8IIUC&dib=eyJ2IjoiMSJ9.wAXCpDf_PYiMOxXmh3IMWr85VDEabAdNxCuWmCvL8iNRP1xazJ_aKNHGtwLyjWDOjp1615HtbpjsRdL11-VzVhJGx0ptRIqrF4Ph_WUtO2m5LjrS9OxhgVIPNceEAEo2_g4XZ-sv8KasJdJwwfWvVKgEluvcGOq9DZ1QxNCaLSx9VzfNNi-FhLs0Ur2y4OvqpYXbbaVeplO1Yv8-aIV9ciue69zxzV9YqGoYVc5Ca8U.oxtLbzCR2tQ9rxOehCmS4mtNaNqPpui1P5EYE5F9YqU&dib_tag=se&keywords=grinder&qid=1759257048&sprefix=grinder%2Caps%2C236&sr=8-15,Bosch Pro 1000W Mixer Grinder MGM8842MIN - Black,Bosch,10590,6248,41,4.3,17846,Bosch,1.4 litres,Black,21D x 49.5W x 21.9H Centimeters,Overload Protection
https://www.amazon.in/Preethi-Blue-Leaf-Diamond-750-Watt/dp/B0188KPKB2/ref=sr_1_20?crid=2K91KPZM8IIUC&dib=eyJ2IjoiMSJ9.wAXCpDf_PYiMOxXmh3IMWr85VDEabAdNxCuWmCvL8iNRP1xazJ_aKNHGtwLyjWDOjp1615HtbpjsRdL11-VzVhJGx0ptRIqrF4Ph_WUtO2m5LjrS9OxhgVIPNceEAEo2_g4XZ-sv8KasJdJwwfWvVKgEluvcGOq9DZ1QxNCaLSx9VzfNNi-FhLs0Ur2y4OvqpYXbbaVeplO1Yv8-aIV9ciue69zxzV9YqGoYVc5Ca8U.oxtLbzCR2tQ9rxOehCmS4mtNaNqPpui1P5EYE5F9YqU&dib_tag=se&keywords=grinder&qid=1759257048&sprefix=grinder%2Caps%2C236&sr=8-20,"Preethi Blue Leaf Diamond MG-214 mixer grinder 750 watt (Blue/White), 3 jars & Flexi Lid, FBT motor with 2yr Guarantee & Lifelong Free Service",Preethi,9455,2799,70,4.0,15207,Preethi,1.5 litres,White,23.5D x 33.5W x 30.5H Centimeters,Safety Lock
https://www.amazon.in/Butterfly-Rhino-Plus-150-Watt-Grinder/dp/B06XXKNBDV/ref=sr_1_10?crid=2K91KPZM8IIUC&dib=eyJ2IjoiMSJ9.wAXCpDf_PYiMOxXmh3IMWr85VDEabAdNxCuWmCvL8iNRP1xazJ_aKNHGtwLyjWDOjp1615HtbpjsRdL11-VzVhJGx0ptRIqrF4Ph_WUtO2m5LjrS9OxhgVIPNceEAEo2_g4XZ-sv8KasJdJwwfWvVKgEluvcGOq9DZ1QxNCaLSx9VzfNNi-FhLs0Ur2y4OvqpYXbbaVeplO1Yv8-aIV9ciue69zxzV9YqGoYVc5Ca8U.oxtLbzCR2tQ9rxOehCmS4mtNaNqPpui1P5EYE5F9YqU&dib_tag=se&keywords=grinder&qid=1759257048&sprefix=grinder%2Caps%2C236&sr=8-10,Butterfly Rhino Plus 2 Litres Table-Top Wet Grinder | 150 Watts | Shockproof ABS Body | Coconut Scrapper Attachment | Dough Kneader | Stainless Steel Drum | 2 Years Manufacturer's Warranty | Grey,Butterfly,8825,3849,55,4.0,7274,Butterfly,N/A,Grey,50L x 34W x 32H Centimeters,N/A
https://www.amazon.in/Woleebee-Electric-Stainless-Multipurpose-Grinding/dp/B0FHQD4W33/ref=sr_1_17?crid=2K91KPZM8IIUC&dib=eyJ2IjoiMSJ9.wAXCpDf_PYiMOxXmh3IMWr85VDEabAdNxCuWmCvL8iNRP1xazJ_aKNHGtwLyjWDOjp1615HtbpjsRdL11-VzVhJGx0ptRIqrF4Ph_WUtO2m5LjrS9OxhgVIPNceEAEo2_g4XZ-sv8KasJdJwwfWvVKgEluvcGOq9DZ1QxNCaLSx9VzfNNi-FhLs0Ur2y4OvqpYXbbaVeplO1Yv8-aIV9ciue69zxzV9YqGoYVc5Ca8U.oxtLbzCR2tQ9rxOehCmS4mtNaNqPpui1P5EYE5F9YqU&dib_tag=se&keywords=grinder&qid=1759257048&sprefix=grinder%2Caps%2C236&sr=8-17,"Woleebee Nima Electric Coffee & Spice Grinder | Stainless Steel Blade Dry Grinder for Masala, Seeds, Nuts, Beans & Herbs | Multipurpose Grinding Machine for Home & Kitchen",Woleebee,1299,429,67,4.6,18,Woleebee,N/A,Silver,12L x 12W x 20H Centimeters,N/A
https://www.amazon.in/Maharaja-Whiteline-Smart-Mixer-Grinder/dp/B08TWN3PB5/ref=sr_1_30?crid=2K91KPZM8IIUC&dib=eyJ2IjoiMSJ9.Etr3euGwL4sPkOlLNgpI7-3hbRzAGV3vWkioe0P4Wt_CoNCOVQxDIm-Dt2RMN1tHnhmNcd5upwy-zlwE1-6lxF5vOQyVhVCJC4Sdhdua-14DU-aF9EiGv4DIMcUNgDNWL6xX9l6lrhjcSFRwWGKzGYXz6wWyKNaiU9yUkLb6bvNxdQIpZu_FVs7Ye9esybOw8UyKk-aH2_v7IRFPVQhYAS9Z-nsYgpG2h7n5vS1ZoRE.fL6INRkbrVdDXzGNaAKJMJV8O0yDNYYg9wGJoPF_ZKs&dib_tag=se&keywords=grinder&qid=1759257051&sprefix=grinder%2Caps%2C236&sr=8-30&xpid=MNd-klT5-OOoW,Maharaja Whiteline Smart Mixer Grinder | 500-watt | 20000 RPM Motor Speed | Air Ventilation System | Stainless-Steel Jars & Blades | Unique Jar Flow Breakers | 2 Year Motor Warranty |Blue,Maharaja Whiteline,3299,1386,58,4.2,1151,Maharaja Whiteline,1.4 litres,Blue,N/A,N/A
https://www.amazon.in/DHRUSHAN-ENTERPRISE-Electric-Mixer-Grinder/dp/B0FKMW931G/ref=sr_1_36?crid=2K91KPZM8IIUC&dib=eyJ2IjoiMSJ9.Etr3euGwL4sPkOlLNgpI7-3hbRzAGV3vWkioe0P4Wt_CoNCOVQxDIm-Dt2RMN1tHnhmNcd5upwy-zlwE1-6lxF5vOQyVhVCJC4Sdhdua-14DU-aF9EiGv4DIMcUNgDNWL6xX9l6lrhjcSFRwWGKzGYXz6wWyKNaiU9yUkLb6bvNxdQIpZu_FVs7Ye9esybOw8UyKk-aH2_v7IRFPVQhYAS9Z-nsYgpG2h7n5vS1ZoRE.fL6INRkbrVdDXzGNaAKJMJV8O0yDNYYg9wGJoPF_ZKs&dib_tag=se&keywords=grinder&qid=1759257051&sprefix=grinder%2Caps%2C236&sr=8-36&xpid=MNd-klT5-OOoW,DHRUSHAN ENTERPRISE Nima Mini Electric Mixer Grinder - Stainless Steel Small Masala Spice Machine,Generic,1499,499,67,4.2,13,Generic,N/A,Silver,N/A,N/A
https://www.amazon.in/Geedel-Electric-Coffee-Spice-Grinder/dp/B0FMF3ZTNZ/ref=sr_1_31?crid=2K91KPZM8IIUC&dib=eyJ2IjoiMSJ9.Etr3euGwL4sPkOlLNgpI7-3hbRzAGV3vWkioe0P4Wt_CoNCOVQxDIm-Dt2RMN1tHnhmNcd5upwy-zlwE1-6lxF5vOQyVhVCJC4Sdhdua-14DU-aF9EiGv4DIMcUNgDNWL6xX9l6lrhjcSFRwWGKzGYXz6wWyKNaiU9yUkLb6bvNxdQIpZu_FVs7Ye9esybOw8UyKk-aH2_v7IRFPVQhYAS9Z-nsYgpG2h7n5vS1ZoRE.fL6INRkbrVdDXzGNaAKJMJV8O0yDNYYg9wGJoPF_ZKs&dib_tag=se&keywords=grinder&qid=1759257051&sprefix=grinder%2Caps%2C236&sr=8-31&xpid=MNd-klT5-OOoW,"Geedel 4-Blade Electric Coffee & Spice Grinder – Stainless Steel Portable Mixer for Masala, Herbs, Dry Spices & Nuts – Push Button Control, Compact & Durable for Home Kitchen (Multicolor)",Geedel,1499,705,53,4.5,15908,Geedel,N/A,Multicolor,6L x 4W x 8H Centimeters,N/A
https://www.amazon.in/JarGenie-High-Power-Multi-Function-Blending-Warranty/dp/B0DP9JPG3L/ref=sr_1_26?crid=2K91KPZM8IIUC&dib=eyJ2IjoiMSJ9.Etr3euGwL4sPkOlLNgpI7-3hbRzAGV3vWkioe0P4Wt_CoNCOVQxDIm-Dt2RMN1tHnhmNcd5upwy-zlwE1-6lxF5vOQyVhVCJC4Sdhdua-14DU-aF9EiGv4DIMcUNgDNWL6xX9l6lrhjcSFRwWGKzGYXz6wWyKNaiU9yUkLb6bvNxdQIpZu_FVs7Ye9esybOw8UyKk-aH2_v7IRFPVQhYAS9Z-nsYgpG2h7n5vS1ZoRE.fL6INRkbrVdDXzGNaAKJMJV8O0yDNYYg9wGJoPF_ZKs&dib_tag=se&keywords=grinder&qid=1759257051&sprefix=grinder%2Caps%2C236&sr=8-26&xpid=MNd-klT5-OOoW,"Cadlec JarGenie 4 Jar 750 Watt Mixer Grinder | High-Power Juicer, Blender & Mixer | Durable ABS Body | Multi-Function for Juicing & Blending | 2-Year Warranty",CADLEC,3499,1505,57,4.1,906,CADLEC,N/A,Black & White,31D x 22W x 23H Centimeters,"Adjustable Speed Control, Anti-Skid, Leak-Proof Jars"
https://www.amazon.in/Prestige-Grinder-Stainless-Efficient-Handles/dp/B0DFCK2BJ2/ref=sr_1_32?crid=2K91KPZM8IIUC&dib=eyJ2IjoiMSJ9.Etr3euGwL4sPkOlLNgpI7-3hbRzAGV3vWkioe0P4Wt_CoNCOVQxDIm-Dt2RMN1tHnhmNcd5upwy-zlwE1-6lxF5vOQyVhVCJC4Sdhdua-14DU-aF9EiGv4DIMcUNgDNWL6xX9l6lrhjcSFRwWGKzGYXz6wWyKNaiU9yUkLb6bvNxdQIpZu_FVs7Ye9esybOw8UyKk-aH2_v7IRFPVQhYAS9Z-nsYgpG2h7n5vS1ZoRE.fL6INRkbrVdDXzGNaAKJMJV8O0yDNYYg9wGJoPF_ZKs&dib_tag=se&keywords=grinder&qid=1759257051&sprefix=grinder%2Caps%2C236&sr=8-32&xpid=MNd-klT5-OOoW,Prestige 500 Watts Apex Mixer Grinder with 3 Stainless Steel Jars|3 Super Efficient Blades|Sturdy Handles|Black|,Prestige,4035,1896,53,4.0,349,Prestige,1.2 litres,Black,35D x 21.5W x 25H Centimeters,Adjustable Speed Control
https://www.amazon.in/Portable-Electric-Rechargeable-Smoothie-Battery-Smoothie/dp/B0F9YGHHXG/ref=sr_1_25?crid=2K91KPZM8IIUC&dib=eyJ2IjoiMSJ9.Etr3euGwL4sPkOlLNgpI7-3hbRzAGV3vWkioe0P4Wt_CoNCOVQxDIm-Dt2RMN1tHnhmNcd5upwy-zlwE1-6lxF5vOQyVhVCJC4Sdhdua-14DU-aF9EiGv4DIMcUNgDNWL6xX9l6lrhjcSFRwWGKzGYXz6wWyKNaiU9yUkLb6bvNxdQIpZu_FVs7Ye9esybOw8UyKk-aH2_v7IRFPVQhYAS9Z-nsYgpG2h7n5vS1ZoRE.fL6INRkbrVdDXzGNaAKJMJV8O0yDNYYg9wGJoPF_ZKs&dib_tag=se&keywords=grinder&qid=1759257051&sprefix=grinder%2Caps%2C236&sr=8-25&xpid=MNd-klT5-OOoW,Qlect Portable Blender Electric Juicers Fruit Mixers USB Rechargeable Smoothie Mini Personal Juicer 6 Blades 3Gears With 1500 Mah Rechargeable Battery-Smoothie Blender,QLECT,1999,663,67,3.9,675,QLECT,500 Milliliters,Blue,30D x 30W x 90H Millimeters,"Crushes Ice, High Speed, Portable, Safety Lock, Smoothie Blender"
https://www.amazon.in/Wonderchef-Nutri-blend-Smoothie-Unbreakable-Warranty/dp/B0CRVSFL3T/ref=sr_1_23?crid=2K91KPZM8IIUC&dib=eyJ2IjoiMSJ9.Etr3euGwL4sPkOlLNgpI7-3hbRzAGV3vWkioe0P4Wt_CoNCOVQxDIm-Dt2RMN1tHnhmNcd5upwy-zlwE1-6lxF5vOQyVhVCJC4Sdhdua-14DU-aF9EiGv4DIMcUNgDNWL6xX9l6lrhjcSFRwWGKzGYXz6wWyKNaiU9yUkLb6bvNxdQIpZu_FVs7Ye9esybOw8UyKk-aH2_v7IRFPVQhYAS9Z-nsYgpG2h7n5vS1ZoRE.fL6INRkbrVdDXzGNaAKJMJV8O0yDNYYg9wGJoPF_ZKs&dib_tag=se&keywords=grinder&qid=1759257051&sprefix=grinder%2Caps%2C236&sr=8-23&xpid=MNd-klT5-OOoW,"Wonderchef Nutri-blend Activ Mixer Grinder Blender, Smoothie Maker, 500W 22000 RPM 100% Full Copper Motor, 2 Unbreakable Jars, SS Blades, 2 Year Warranty, Recipe book by Chef Sanjeev Kapoor, Red",Wonderchef,4500,1485,67,4.0,2263,Wonderchef,500 Milliliters,Red,21.2D x 12.6W x 26H Centimeters,"Compact, Dishwasher Safe Jars, Hand Free Operation, Powerful Motor"
https://www.amazon.in/Butterfly-Stainless-Multipurpose-Manufacturers-Warranty/dp/B075JJ5NQC/ref=sr_1_22?crid=2K91KPZM8IIUC&dib=eyJ2IjoiMSJ9.Etr3euGwL4sPkOlLNgpI7-3hbRzAGV3vWkioe0P4Wt_CoNCOVQxDIm-Dt2RMN1tHnhmNcd5upwy-zlwE1-6lxF5vOQyVhVCJC4Sdhdua-14DU-aF9EiGv4DIMcUNgDNWL6xX9l6lrhjcSFRwWGKzGYXz6wWyKNaiU9yUkLb6bvNxdQIpZu_FVs7Ye9esybOw8UyKk-aH2_v7IRFPVQhYAS9Z-nsYgpG2h7n5vS1ZoRE.fL6INRkbrVdDXzGNaAKJMJV8O0yDNYYg9wGJoPF_ZKs&dib_tag=se&keywords=grinder&qid=1759257051&sprefix=grinder%2Caps%2C236&sr=8-22&xpid=MNd-klT5-OOoW,Butterfly Smart 750 Watts Mixer Grinder with 4 Jars | 3 Stainless Steel Jars & 1 Juicer | ABS Body | Heavy Duty Motor | 2 Years Manufacturer's Warranty | Grey,Butterfly,5069,2590,49,4.0,28253,Butterfly,1.5 litres,Grey,24.5D x 40W x 31.5H Centimeters,"Anti-Skid, Auto Shut Off, Heavy Duty, LED Power Indicator"
https://www.amazon.in/Preethi-Blue-Leaf-Diamond-750-Watt/dp/B0188KPKB2/ref=sr_1_19?crid=2K91KPZM8IIUC&dib=eyJ2IjoiMSJ9.Etr3euGwL4sPkOlLNgpI7-3hbRzAGV3vWkioe0P4Wt_CoNCOVQxDIm-Dt2RMN1tHnhmNcd5upwy-zlwE1-6lxF5vOQyVhVCJC4Sdhdua-14DU-aF9EiGv4DIMcUNgDNWL6xX9l6lrhjcSFRwWGKzGYXz6wWyKNaiU9yUkLb6bvNxdQIpZu_FVs7Ye9esybOw8UyKk-aH2_v7IRFPVQhYAS9Z-nsYgpG2h7n5vS1ZoRE.fL6INRkbrVdDXzGNaAKJMJV8O0yDNYYg9wGJoPF_ZKs&dib_tag=se&keywords=grinder&qid=1759257051&sprefix=grinder%2Caps%2C236&sr=8-19&xpid=MNd-klT5-OOoW,"Preethi Blue Leaf Diamond MG-214 mixer grinder 750 watt (Blue/White), 3 jars & Flexi Lid, FBT motor with 2yr Guarantee & Lifelong Free Service",Preethi,9455,2799,70,4.0,15207,Preethi,1.5 litres,White,23.5D x 33.5W x 30.5H Centimeters,Safety Lock
https://www.amazon.in/Butterfly-Hippo-Table-Grinder-Cherry/dp/B07VCKVJKS/ref=sr_1_20?crid=2K91KPZM8IIUC&dib=eyJ2IjoiMSJ9.Etr3euGwL4sPkOlLNgpI7-3hbRzAGV3vWkioe0P4Wt_CoNCOVQxDIm-Dt2RMN1tHnhmNcd5upwy-zlwE1-6lxF5vOQyVhVCJC4Sdhdua-14DU-aF9EiGv4DIMcUNgDNWL6xX9l6lrhjcSFRwWGKzGYXz6wWyKNaiU9yUkLb6bvNxdQIpZu_FVs7Ye9esybOw8UyKk-aH2_v7IRFPVQhYAS9Z-nsYgpG2h7n5vS1ZoRE.fL6INRkbrVdDXzGNaAKJMJV8O0yDNYYg9wGJoPF_ZKs&dib_tag=se&keywords=grinder&qid=1759257051&sprefix=grinder%2Caps%2C236&sr=8-20&xpid=MNd-klT5-OOoW,Butterfly Hippo 2 Litres Table-Top Wet Grinder | 150 Watts | Shockproof ABS Body | 4-way Grinding | Easy Clean & Maintenance | Stainless Steel Drum | 2 Years Manufacturer's Warranty | Cherry Red,Butterfly,5057,3569,29,4.0,4761,Butterfly,N/A,Cherry,28L x 30.5W x 47.5H Centimeters,N/A
https://www.amazon.in/Wonderchef-Nutri-Blend-Watts-Juicer-Grinder/dp/B00W56GLOQ/ref=sr_1_29?crid=2K91KPZM8IIUC&dib=eyJ2IjoiMSJ9.Etr3euGwL4sPkOlLNgpI7-3hbRzAGV3vWkioe0P4Wt_CoNCOVQxDIm-Dt2RMN1tHnhmNcd5upwy-zlwE1-6lxF5vOQyVhVCJC4Sdhdua-14DU-aF9EiGv4DIMcUNgDNWL6xX9l6lrhjcSFRwWGKzGYXz6wWyKNaiU9yUkLb6bvNxdQIpZu_FVs7Ye9esybOw8UyKk-aH2_v7IRFPVQhYAS9Z-nsYgpG2h7n5vS1ZoRE.fL6INRkbrVdDXzGNaAKJMJV8O0yDNYYg9wGJoPF_ZKs&dib_tag=se&keywords=grinder&qid=1759257051&sprefix=grinder%2Caps%2C236&sr=8-29&xpid=MNd-klT5-OOoW,"Wonderchef Nutri-blend 500W Mixer Grinder, 22000 RPM Motor, Smoothie Maker, Masala Grinder, Chutney Blender, 3 Unbreakable Jars, Recipe Book by Chef Sanjeev Kapoor, 2 Yr Warranty, Black",Wonderchef,5300,2014,62,4.0,35703,Wonderchef,300 Milliliters,Black,10D x 10W x 18H Centimeters,Compact
https://www.amazon.in/SmartFingers-Comfort-Grinder-Liter-White/dp/B08JQCC551/ref=sr_1_24?crid=2K91KPZM8IIUC&dib=eyJ2IjoiMSJ9.Etr3euGwL4sPkOlLNgpI7-3hbRzAGV3vWkioe0P4Wt_CoNCOVQxDIm-Dt2RMN1tHnhmNcd5upwy-zlwE1-6lxF5vOQyVhVCJC4Sdhdua-14DU-aF9EiGv4DIMcUNgDNWL6xX9l6lrhjcSFRwWGKzGYXz6wWyKNaiU9yUkLb6bvNxdQIpZu_FVs7Ye9esybOw8UyKk-aH2_v7IRFPVQhYAS9Z-nsYgpG2h7n5vS1ZoRE.fL6INRkbrVdDXzGNaAKJMJV8O0yDNYYg9wGJoPF_ZKs&dib_tag=se&keywords=grinder&qid=1759257051&sprefix=grinder%2Caps%2C236&sr=8-24&xpid=MNd-klT5-OOoW,"SmartFingers Comfort Plus Table Top Magic Wet Grinder 230V 50hz, 2 Liter, White, 2 Stone",SmartFingers,9990,7892,21,3.8,2031,SmartFingers,N/A,White,30L x 27.5W x 46.5H Centimeters,N/A
https://www.amazon.in/Elgi-Ultra-Grind-Gold-2-Litre/dp/B00P4GQYDM/ref=sr_1_21?crid=2K91KPZM8IIUC&dib=eyJ2IjoiMSJ9.Etr3euGwL4sPkOlLNgpI7-3hbRzAGV3vWkioe0P4Wt_CoNCOVQxDIm-Dt2RMN1tHnhmNcd5upwy-zlwE1-6lxF5vOQyVhVCJC4Sdhdua-14DU-aF9EiGv4DIMcUNgDNWL6xX9l6lrhjcSFRwWGKzGYXz6wWyKNaiU9yUkLb6bvNxdQIpZu_FVs7Ye9esybOw8UyKk-aH2_v7IRFPVQhYAS9Z-nsYgpG2h7n5vS1ZoRE.fL6INRkbrVdDXzGNaAKJMJV8O0yDNYYg9wGJoPF_ZKs&dib_tag=se&keywords=grinder&qid=1759257051&sprefix=grinder%2Caps%2C236&sr=8-21&xpid=MNd-klT5-OOoW,"Elgi Ultra Grind+ Gold Table Top Wet Grinder, 2L (White/ Purple)",ULTRA,9290,8454,9,4.1,6365,ULTRA,N/A,Multicolor,58.1L x 39.3W x 35.5H Centimeters,N/A
https://www.amazon.in/Hempi-Homes-Stainless-Multifunctional-Grinder/dp/B0DHV7XSK4/ref=sr_1_35?crid=2K91KPZM8IIUC&dib=eyJ2IjoiMSJ9.Etr3euGwL4sPkOlLNgpI7-3hbRzAGV3vWkioe0P4Wt_CoNCOVQxDIm-Dt2RMN1tHnhmNcd5upwy-zlwE1-6lxF5vOQyVhVCJC4Sdhdua-14DU-aF9EiGv4DIMcUNgDNWL6xX9l6lrhjcSFRwWGKzGYXz6wWyKNaiU9yUkLb6bvNxdQIpZu_FVs7Ye9esybOw8UyKk-aH2_v7IRFPVQhYAS9Z-nsYgpG2h7n5vS1ZoRE.fL6INRkbrVdDXzGNaAKJMJV8O0yDNYYg9wGJoPF_ZKs&dib_tag=se&keywords=grinder&qid=1759257051&sprefix=grinder%2Caps%2C236&sr=8-35&xpid=MNd-klT5-OOoW,"Hempi Homes Nima Stainless Steel Multifunctional Electric Grinder & Coffee Maker - Mini Spice, Coffee, and Masala Grinder for Beans, Nuts, and Grains - Household Mixer Grinder (Silver)",Hempi Homes,999,360,64,2.8,228,Hempi Homes,N/A,Silver,N/A,N/A
https://www.amazon.in/Prestige-IRIS-mixer-grinder-Black/dp/B08CFJBZRK/ref=sr_1_34?crid=2K91KPZM8IIUC&dib=eyJ2IjoiMSJ9.Etr3euGwL4sPkOlLNgpI7-3hbRzAGV3vWkioe0P4Wt_CoNCOVQxDIm-Dt2RMN1tHnhmNcd5upwy-zlwE1-6lxF5vOQyVhVCJC4Sdhdua-14DU-aF9EiGv4DIMcUNgDNWL6xX9l6lrhjcSFRwWGKzGYXz6wWyKNaiU9yUkLb6bvNxdQIpZu_FVs7Ye9esybOw8UyKk-aH2_v7IRFPVQhYAS9Z-nsYgpG2h7n5vS1ZoRE.fL6INRkbrVdDXzGNaAKJMJV8O0yDNYYg9wGJoPF_ZKs&dib_tag=se&keywords=grinder&qid=1759257051&sprefix=grinder%2Caps%2C236&sr=8-34&xpid=MNd-klT5-OOoW,Prestige Iris 750 Watt 4 Jar Mixer Grinder | 3 Stainless Steel Multipurpose Jars and 1 Juicer Jar | Black | 750W,Prestige,6295,2499,60,3.8,72243,Prestige,1.5 litres,Black,2D x 50W x 29H Centimeters,"Ergonomic Handle, Multiple Attachments"
https://www.amazon.in/Atomberg-Zenova-Mixer-Grinder-Silbatta-like/dp/B0F2G99RF1/ref=sr_1_33?crid=2K91KPZM8IIUC&dib=eyJ2IjoiMSJ9.Etr3euGwL4sPkOlLNgpI7-3hbRzAGV3vWkioe0P4Wt_CoNCOVQxDIm-Dt2RMN1tHnhmNcd5upwy-zlwE1-6lxF5vOQyVhVCJC4Sdhdua-14DU-aF9EiGv4DIMcUNgDNWL6xX9l6lrhjcSFRwWGKzGYXz6wWyKNaiU9yUkLb6bvNxdQIpZu_FVs7Ye9esybOw8UyKk-aH2_v7IRFPVQhYAS9Z-nsYgpG2h7n5vS1ZoRE.fL6INRkbrVdDXzGNaAKJMJV8O0yDNYYg9wGJoPF_ZKs&dib_tag=se&keywords=grinder&qid=1759257051&sprefix=grinder%2Caps%2C236&sr=8-33&xpid=MNd-klT5-OOoW,Atomberg Zenova Mixer Grinder | Unique Coarse Mode for Silbatta-like Texture | Intelligent BLDC Motor | Safety Features | 4 Jars including Chopper | Hands-Free Operation (Sand Grey),atomberg,11999,6299,48,4.4,2089,atomberg,1.5 litres,Sand Grey,36.5D x 33.5W x 29.1H Centimeters,"Coarse Mode, Advanced Safety Features, Sleek Design,Adjustable Speed Control"
https://www.amazon.in/Longway-Super-Dlx-Mixer-Grinder/dp/B0C2HXDGH9/ref=sr_1_49?crid=2K91KPZM8IIUC&dib=eyJ2IjoiMSJ9.PeaY85V5yjoNY1SNBaKuvHgL3zUaKaBxNRc8NvmRI7HnhFrH-RciRcKIH_YpC3loJ2gr0eyfSJ9Z7VXZoQd5n5Vgwvt_fGcnYmam2EuzyyzBjhnzxEYceFUuEEtvlU-bhOJ28QRD4xgsemMnRLuP4dcB8vlT89o5j4EzM2o1t-N8R6VFctpaXy-0mz8F6i-KlwY-R9iRDtNHn8u8NKMzqXJfZQRqeYG3fqeJXCkhJt8.B1Ld7CGMr5FuPQOn4HoIc1_FZDjtQb07ALYMggZCkcE&dib_tag=se&keywords=grinder&qid=1759257055&sprefix=grinder%2Caps%2C236&sr=8-49&xpid=MNd-klT5-OOoW,"Longway Super Dlx 750 Watt Juicer Mixer Grinder with 4 Jars for Grinding, Mixing, Juicing with Powerful Motor | 1 Year Warranty | (Blue & White, 4 Jars)",LONGWAY,3899,1282,67,3.9,1025,LONGWAY,5.3 litres,Blue & White,31D x 22W x 23H Centimeters,Portable
https://www.amazon.in/Prestige-41228-Wet-Grinder-Verna/dp/B0DGTSLD1K/ref=sr_1_42?crid=2K91KPZM8IIUC&dib=eyJ2IjoiMSJ9.PeaY85V5yjoNY1SNBaKuvHgL3zUaKaBxNRc8NvmRI7HnhFrH-RciRcKIH_YpC3loJ2gr0eyfSJ9Z7VXZoQd5n5Vgwvt_fGcnYmam2EuzyyzBjhnzxEYceFUuEEtvlU-bhOJ28QRD4xgsemMnRLuP4dcB8vlT89o5j4EzM2o1t-N8R6VFctpaXy-0mz8F6i-KlwY-R9iRDtNHn8u8NKMzqXJfZQRqeYG3fqeJXCkhJt8.B1Ld7CGMr5FuPQOn4HoIc1_FZDjtQb07ALYMggZCkcE&dib_tag=se&keywords=grinder&qid=1759257055&sprefix=grinder%2Caps%2C236&sr=8-42&xpid=MNd-klT5-OOoW,Prestige Wet Grinder - Verna,Prestige,5435,3849,30,3.8,49,Prestige,N/A,Purple,46.4L x 29.4W x 30.4H Centimeters,N/A
https://www.amazon.in/Prestige-Astra-Mixer-Grinder-Stainless/dp/B0FDKKLYWV/ref=sr_1_37?crid=2K91KPZM8IIUC&dib=eyJ2IjoiMSJ9.PeaY85V5yjoNY1SNBaKuvHgL3zUaKaBxNRc8NvmRI7HnhFrH-RciRcKIH_YpC3loJ2gr0eyfSJ9Z7VXZoQd5n5Vgwvt_fGcnYmam2EuzyyzBjhnzxEYceFUuEEtvlU-bhOJ28QRD4xgsemMnRLuP4dcB8vlT89o5j4EzM2o1t-N8R6VFctpaXy-0mz8F6i-KlwY-R9iRDtNHn8u8NKMzqXJfZQRqeYG3fqeJXCkhJt8.B1Ld7CGMr5FuPQOn4HoIc1_FZDjtQb07ALYMggZCkcE&dib_tag=se&keywords=grinder&qid=1759257055&sprefix=grinder%2Caps%2C236&sr=8-37&xpid=MNd-klT5-OOoW,"Prestige 750W Astra Mixer Grinder with 5 Jars – 1500ml Wet, 1000ml Dry, 1500ml Juicer, 300ml Chutney & Mix-O-Keep | Space-Saving Stacking Design | 2-Year Warranty",Prestige,6725,3026,55,4.1,57,Prestige,1.5 litres,Blue & Black,39D x 21.7W x 38.5H Centimeters,N/A
https://www.amazon.in/Pigeon-Stovekraft-MultiPurpose-Grinding-Warranty/dp/B0D66V6VL7/ref=sr_1_41?crid=2K91KPZM8IIUC&dib=eyJ2IjoiMSJ9.PeaY85V5yjoNY1SNBaKuvHgL3zUaKaBxNRc8NvmRI7HnhFrH-RciRcKIH_YpC3loJ2gr0eyfSJ9Z7VXZoQd5n5Vgwvt_fGcnYmam2EuzyyzBjhnzxEYceFUuEEtvlU-bhOJ28QRD4xgsemMnRLuP4dcB8vlT89o5j4EzM2o1t-N8R6VFctpaXy-0mz8F6i-KlwY-R9iRDtNHn8u8NKMzqXJfZQRqeYG3fqeJXCkhJt8.B1Ld7CGMr5FuPQOn4HoIc1_FZDjtQb07ALYMggZCkcE&dib_tag=se&keywords=grinder&qid=1759257055&sprefix=grinder%2Caps%2C236&sr=8-41&xpid=MNd-klT5-OOoW,Pigeon by Stovekraft Mix Master Mixer Grinder for Kitchen | 500 Watts | 3 MultiPurpose Jars for Juicing | Chutney Making | Dry Grinding | Wet Grinding | Mincing | Blender|Mixer | 2Year Warranty,Pigeon,3395,1562,54,3.6,264,Pigeon,N/A,Black & Grey,15D x 18W x 22.5H Centimeters,"Adjustable Speed Control, Compact"
https://www.amazon.in/VIJAYALAKSHMI-Grinder-Coconut-Scrapper-Attachment/dp/B0D5BG5SRJ/ref=sr_1_50?crid=2K91KPZM8IIUC&dib=eyJ2IjoiMSJ9.PeaY85V5yjoNY1SNBaKuvHgL3zUaKaBxNRc8NvmRI7HnhFrH-RciRcKIH_YpC3loJ2gr0eyfSJ9Z7VXZoQd5n5Vgwvt_fGcnYmam2EuzyyzBjhnzxEYceFUuEEtvlU-bhOJ28QRD4xgsemMnRLuP4dcB8vlT89o5j4EzM2o1t-N8R6VFctpaXy-0mz8F6i-KlwY-R9iRDtNHn8u8NKMzqXJfZQRqeYG3fqeJXCkhJt8.B1Ld7CGMr5FuPQOn4HoIc1_FZDjtQb07ALYMggZCkcE&dib_tag=se&keywords=grinder&qid=1759257055&sprefix=grinder%2Caps%2C236&sr=8-50&xpid=MNd-klT5-OOoW,"VIJAYALAKSHMI | Smart 2 Litre | Heavy ABS Body with Metal Stand Wet Grinder, 2L (Maroon) | with Coconut Scrapper & Atta Kneader Attachment.",VIJAYALAKSHMI,9345,5887,37,4.0,39,VIJAYALAKSHMI,N/A,Maroon,N/A,N/A
https://www.amazon.in/Orient-Electric-Kitchen-MGKK50B3-500-Watt/dp/B01M3SYQ7P/ref=sr_1_53?crid=2K91KPZM8IIUC&dib=eyJ2IjoiMSJ9.PeaY85V5yjoNY1SNBaKuvHgL3zUaKaBxNRc8NvmRI7HnhFrH-RciRcKIH_YpC3loJ2gr0eyfSJ9Z7VXZoQd5n5Vgwvt_fGcnYmam2EuzyyzBjhnzxEYceFUuEEtvlU-bhOJ28QRD4xgsemMnRLuP4dcB8vlT89o5j4EzM2o1t-N8R6VFctpaXy-0mz8F6i-KlwY-R9iRDtNHn8u8NKMzqXJfZQRqeYG3fqeJXCkhJt8.B1Ld7CGMr5FuPQOn4HoIc1_FZDjtQb07ALYMggZCkcE&dib_tag=se&keywords=grinder&qid=1759257055&sprefix=grinder%2Caps%2C236&sr=8-53&xpid=MNd-klT5-OOoW,Orient Electric 500W mixer grinder | Kitchen Kraft 500 MGKK50B3 with 3 SS jars | Longer life balanced coil motor | ABS body | Uniform grinding | 5 years motor warranty,Orient Electric,3190,1786,44,4.0,10633,Orient Electric,1.2 litres,White,22.5D x 21W x 50H Centimeters,5 years motor warranty
https://www.amazon.in/Ultra-Mini-Litre-Table-Grinder/dp/B08M9B3D8T/ref=sr_1_52?crid=2K91KPZM8IIUC&dib=eyJ2IjoiMSJ9.PeaY85V5yjoNY1SNBaKuvHgL3zUaKaBxNRc8NvmRI7HnhFrH-RciRcKIH_YpC3loJ2gr0eyfSJ9Z7VXZoQd5n5Vgwvt_fGcnYmam2EuzyyzBjhnzxEYceFUuEEtvlU-bhOJ28QRD4xgsemMnRLuP4dcB8vlT89o5j4EzM2o1t-N8R6VFctpaXy-0mz8F6i-KlwY-R9iRDtNHn8u8NKMzqXJfZQRqeYG3fqeJXCkhJt8.B1Ld7CGMr5FuPQOn4HoIc1_FZDjtQb07ALYMggZCkcE&dib_tag=se&keywords=grinder&qid=1759257055&sprefix=grinder%2Caps%2C236&sr=8-52&xpid=MNd-klT5-OOoW,"Ultra Mini 1.25 Litre Table Top Wet Grinder - White | Fast Grinding Conical Stones, 85W Power & 5 Years Warranty | AISI 304 Food-Grade SS Multi Utility Cylindrical Drum, Compact Design for Kitchen",ULTRA,8290,7212,13,4.3,888,ULTRA,N/A,White,41L x 23W x 26H Centimeters,N/A
https://www.amazon.in/IBELL-Grinder-AG10-68-Armature-Grinding/dp/B0B4VRLVP9/ref=sr_1_45?crid=2K91KPZM8IIUC&dib=eyJ2IjoiMSJ9.PeaY85V5yjoNY1SNBaKuvHgL3zUaKaBxNRc8NvmRI7HnhFrH-RciRcKIH_YpC3loJ2gr0eyfSJ9Z7VXZoQd5n5Vgwvt_fGcnYmam2EuzyyzBjhnzxEYceFUuEEtvlU-bhOJ28QRD4xgsemMnRLuP4dcB8vlT89o5j4EzM2o1t-N8R6VFctpaXy-0mz8F6i-KlwY-R9iRDtNHn8u8NKMzqXJfZQRqeYG3fqeJXCkhJt8.B1Ld7CGMr5FuPQOn4HoIc1_FZDjtQb07ALYMggZCkcE&dib_tag=se&keywords=grinder&qid=1759257055&sprefix=grinder%2Caps%2C236&sr=8-45&xpid=MNd-klT5-OOoW,"IBELL Angle Grinder AG10-68, 680W Heavy Duty, Copper Armature, Disc Dia 100mm, 11000 RPM with Grinding Wheel and Guard…",IBELL,2501,1426,43,4.1,2228,IBELL,N/A,N/A,34L x 14W x 17.5H Centimeters,N/A
https://www.amazon.in/Bajaj-Superior-Grinding-Function-Stainless/dp/B00BMP97OC/ref=sr_1_46?crid=2K91KPZM8IIUC&dib=eyJ2IjoiMSJ9.PeaY85V5yjoNY1SNBaKuvHgL3zUaKaBxNRc8NvmRI7HnhFrH-RciRcKIH_YpC3loJ2gr0eyfSJ9Z7VXZoQd5n5Vgwvt_fGcnYmam2EuzyyzBjhnzxEYceFUuEEtvlU-bhOJ28QRD4xgsemMnRLuP4dcB8vlT89o5j4EzM2o1t-N8R6VFctpaXy-0mz8F6i-KlwY-R9iRDtNHn8u8NKMzqXJfZQRqeYG3fqeJXCkhJt8.B1Ld7CGMr5FuPQOn4HoIc1_FZDjtQb07ALYMggZCkcE&dib_tag=se&keywords=grinder&qid=1759257055&sprefix=grinder%2Caps%2C236&sr=8-46&xpid=MNd-klT5-OOoW,Bajaj 500 Watt GX-1 Mixer Grinder with 3 Jars- white,Bajaj,3850,1899,51,4.0,21949,Bajaj,1250 Milliliters,white,7.9D x 12.2W x 10.5H Centimeters,"Adjustable Speed Control, Auto Shut Off, Durable, Multi Functional Blade, Overload Protection"
https://www.amazon.in/Appliance-Code-03929-Efficient-Quantities-User-friendly/dp/B07B9L247H/ref=sr_1_47?crid=2K91KPZM8IIUC&dib=eyJ2IjoiMSJ9.PeaY85V5yjoNY1SNBaKuvHgL3zUaKaBxNRc8NvmRI7HnhFrH-RciRcKIH_YpC3loJ2gr0eyfSJ9Z7VXZoQd5n5Vgwvt_fGcnYmam2EuzyyzBjhnzxEYceFUuEEtvlU-bhOJ28QRD4xgsemMnRLuP4dcB8vlT89o5j4EzM2o1t-N8R6VFctpaXy-0mz8F6i-KlwY-R9iRDtNHn8u8NKMzqXJfZQRqeYG3fqeJXCkhJt8.B1Ld7CGMr5FuPQOn4HoIc1_FZDjtQb07ALYMggZCkcE&dib_tag=se&keywords=grinder&qid=1759257055&sprefix=grinder%2Caps%2C236&sr=8-47&xpid=MNd-klT5-OOoW,"Premier Easy Grind Wet Grinder_ 2-Liter, 230v Appliance in Vibrant Red, Pink, and Yellow Offers Efficient Grinding for Large Quantities, User-Friendly Design",PREMIER,8990,6293,30,4.0,164,PREMIER,N/A,RED,23L x 23W x 29H Centimeters,N/A
https://www.amazon.in/Bajaj-Military-Grinder-Function-Warranty/dp/B0DCW2V9KW/ref=sr_1_34?crid=2K91KPZM8IIUC&dib=eyJ2IjoiMSJ9.PeaY85V5yjoNY1SNBaKuvHgL3zUaKaBxNRc8NvmRI7HnhFrH-RciRcKIH_YpC3loJ2gr0eyfSJ9Z7VXZoQd5n5Vgwvt_fGcnYmam2EuzyyzBjhnzxEYceFUuEEtvlU-bhOJ28QRD4xgsemMnRLuP4dcB8vlT89o5j4EzM2o1t-N8R6VFctpaXy-0mz8F6i-KlwY-R9iRDtNHn8u8NKMzqXJfZQRqeYG3fqeJXCkhJt8.B1Ld7CGMr5FuPQOn4HoIc1_FZDjtQb07ALYMggZCkcE&dib_tag=se&keywords=grinder&qid=1759257055&sprefix=grinder%2Caps%2C236&sr=8-34&xpid=MNd-klT5-OOoW,Bajaj Military Series Rex 750W 4 Jar Mixer Grinder | DuraCut Blades | 2-In-1 Function Blade In Dry Jar | 2 Yrs Warranty 【Red/Black】,Bajaj,7490,3221,57,4.2,48643,Bajaj,1.5 litres,Red/Black,14D x 12W x 40H Centimeters,Multiple Speeds
https://www.amazon.in/Bosch-GWS-600-Professional-Grinder/dp/B01K4Q3Q9G/ref=sr_1_33?crid=2K91KPZM8IIUC&dib=eyJ2IjoiMSJ9.PeaY85V5yjoNY1SNBaKuvHgL3zUaKaBxNRc8NvmRI7HnhFrH-RciRcKIH_YpC3loJ2gr0eyfSJ9Z7VXZoQd5n5Vgwvt_fGcnYmam2EuzyyzBjhnzxEYceFUuEEtvlU-bhOJ28QRD4xgsemMnRLuP4dcB8vlT89o5j4EzM2o1t-N8R6VFctpaXy-0mz8F6i-KlwY-R9iRDtNHn8u8NKMzqXJfZQRqeYG3fqeJXCkhJt8.B1Ld7CGMr5FuPQOn4HoIc1_FZDjtQb07ALYMggZCkcE&dib_tag=se&keywords=grinder&qid=1759257055&sprefix=grinder%2Caps%2C236&sr=8-33&xpid=MNd-klT5-OOoW,BOSCH Professional GWS 600 Angle Grinder | 670W Power | No-load Speed of 11000 RPM | Versatile Cutting and Grinding Tool | M10 Grinding Spindle Thread | 100 mm Disc | 1 Year Warranty,Bosch,4000,2000,50,4.3,28078,Bosch,N/A,N/A,31L x 12W x 9.2H Centimeters,N/A
https://www.amazon.in/Havells-Resistant-Blending-Manufacturer-Warranty/dp/B0D7VF87F4/ref=sr_1_51?crid=2K91KPZM8IIUC&dib=eyJ2IjoiMSJ9.PeaY85V5yjoNY1SNBaKuvHgL3zUaKaBxNRc8NvmRI7HnhFrH-RciRcKIH_YpC3loJ2gr0eyfSJ9Z7VXZoQd5n5Vgwvt_fGcnYmam2EuzyyzBjhnzxEYceFUuEEtvlU-bhOJ28QRD4xgsemMnRLuP4dcB8vlT89o5j4EzM2o1t-N8R6VFctpaXy-0mz8F6i-KlwY-R9iRDtNHn8u8NKMzqXJfZQRqeYG3fqeJXCkhJt8.B1Ld7CGMr5FuPQOn4HoIc1_FZDjtQb07ALYMggZCkcE&dib_tag=se&keywords=grinder&qid=1759257055&sprefix=grinder%2Caps%2C236&sr=8-51&xpid=MNd-klT5-OOoW,Havells Capture 500W Mixer Grinder 3 Stainless Steel Jars | 21000 RPM High-Speed Motor | Rust-Resistant 304 SS Blades | 1.5L Large Blending Jar | Overheat Protection | 1-Year Warranty (Black),Havells,3995,2199,45,4.1,7500,Havells,2700 Milliliters,Black,31D x 24W x 20H Centimeters,"Adjustable Speed Control, Heavy Duty, Overheat Protection, Overload Protection, Rust Resistant"
https://www.amazon.in/Butterfly-Rhino-2-Litre-Grinder-Cherry/dp/B00FXLNKRQ/ref=sr_1_44?crid=2K91KPZM8IIUC&dib=eyJ2IjoiMSJ9.PeaY85V5yjoNY1SNBaKuvHgL3zUaKaBxNRc8NvmRI7HnhFrH-RciRcKIH_YpC3loJ2gr0eyfSJ9Z7VXZoQd5n5Vgwvt_fGcnYmam2EuzyyzBjhnzxEYceFUuEEtvlU-bhOJ28QRD4xgsemMnRLuP4dcB8vlT89o5j4EzM2o1t-N8R6VFctpaXy-0mz8F6i-KlwY-R9iRDtNHn8u8NKMzqXJfZQRqeYG3fqeJXCkhJt8.B1Ld7CGMr5FuPQOn4HoIc1_FZDjtQb07ALYMggZCkcE&dib_tag=se&keywords=grinder&qid=1759257055&sprefix=grinder%2Caps%2C236&sr=8-44&xpid=MNd-klT5-OOoW,Butterfly Rhino 2 Litres Table-Top Wet Grinder | 150 Watts | Shockproof ABS Body | 4-way Grinding | Easy Clean & Maintenance | Stainless Steel Drum | 2 Years Manufacturer's Warranty | Cherry Red,Butterfly,5057,3569,29,3.9,5714,Butterfly,N/A,Cherry,48L x 31W x 31H Centimeters,N/A
https://www.amazon.in/DGMR-ENGG-WORKS-YJ666-Grinder/dp/B07R4FKFM6/ref=sr_1_38?crid=2K91KPZM8IIUC&dib=eyJ2IjoiMSJ9.PeaY85V5yjoNY1SNBaKuvHgL3zUaKaBxNRc8NvmRI7HnhFrH-RciRcKIH_YpC3loJ2gr0eyfSJ9Z7VXZoQd5n5Vgwvt_fGcnYmam2EuzyyzBjhnzxEYceFUuEEtvlU-bhOJ28QRD4xgsemMnRLuP4dcB8vlT89o5j4EzM2o1t-N8R6VFctpaXy-0mz8F6i-KlwY-R9iRDtNHn8u8NKMzqXJfZQRqeYG3fqeJXCkhJt8.B1Ld7CGMr5FuPQOn4HoIc1_FZDjtQb07ALYMggZCkcE&dib_tag=se&keywords=grinder&qid=1759257055&sprefix=grinder%2Caps%2C236&sr=8-38&xpid=MNd-klT5-OOoW,"DGMR ENGG WORKS YJ666 150W Wet Grinder, Orange and Grey",DGMR ENGG WORKS,5555,3000,46,3.9,1584,DGMR ENGG WORKS,2 litres,Orange and grey,20D x 12W x 12H Centimeters,"Heavy Duty, Rust Resistant"
https://www.amazon.in/Sujata-Powermatic-Watts-Juicer-Grinder/dp/B071113J7M/ref=sr_1_48?crid=2K91KPZM8IIUC&dib=eyJ2IjoiMSJ9.PeaY85V5yjoNY1SNBaKuvHgL3zUaKaBxNRc8NvmRI7HnhFrH-RciRcKIH_YpC3loJ2gr0eyfSJ9Z7VXZoQd5n5Vgwvt_fGcnYmam2EuzyyzBjhnzxEYceFUuEEtvlU-bhOJ28QRD4xgsemMnRLuP4dcB8vlT89o5j4EzM2o1t-N8R6VFctpaXy-0mz8F6i-KlwY-R9iRDtNHn8u8NKMzqXJfZQRqeYG3fqeJXCkhJt8.B1Ld7CGMr5FuPQOn4HoIc1_FZDjtQb07ALYMggZCkcE&dib_tag=se&keywords=grinder&qid=1759257055&sprefix=grinder%2Caps%2C236&sr=8-48&xpid=MNd-klT5-OOoW,"Sujata Powermatic Plus Juicer Mixer Grinder|900 Watts Double Ball Bearing Motor|22000 RPM|Non-Stop 90 Mins Running|2 Jars including 1750ml Blender, 1000ml Grinder Jar| (White)",Sujata,9504,5607,41,4.4,13917,Sujata,N/A,White,27D x 50W x 36H Centimeters,"Adjustable Speed Control, Shockproof"
https://www.amazon.in/Voltas-Beko-Powerfull-Technology-G5003HP-WH/dp/B0F62P8HGY/ref=sr_1_64?crid=2K91KPZM8IIUC&dib=eyJ2IjoiMSJ9.idrNB0stu8VY15jpxhayZwIyXitwiQgRrhK0Ip2hJXqTunrkRi_uZSXyuPEpgfRgAgAIpzk1K6HCcovdikyhqYTr_CHSfDFSxYRUMyvY_qQxzOP_ubIf2Ap-2YATF5VW6CbZBiStiIqZ-V7K3psBrJFyxT95inreXPzdeusQo5z4KnfRbElWV2GHcbfH0ii-w8Xu8pKKVTKboxosJ85Zk0rz6XlGnjlC4leQxG3FMOs.bA9ktQNZFRegcOv4kWeIiV5byj6OkIIDE-BihfS5e64&dib_tag=se&keywords=grinder&qid=1759257058&sprefix=grinder%2Caps%2C236&sr=8-64&xpid=MNd-klT5-OOoW,"Voltas Beko, A Tata Product Powerfull 500 W Mixer Grinder with GrindX Technology (G5003HP-WH | 3 Jars | White)",Voltas Beko,4490,1599,66,3.9,70,Voltas Beko,N/A,White,21D x 18.2W x 38.5H Centimeters,"Adjustable Speed Control, Low Noise, Overload Protection, Powerfull 500 Watt Motor, Safety Lock"
https://www.amazon.in/ACTIVA-Smoothies-Powerful-Technology-warranty-Black/dp/B0BDZWMGZ1/ref=sr_1_57?crid=2K91KPZM8IIUC&dib=eyJ2IjoiMSJ9.idrNB0stu8VY15jpxhayZwIyXitwiQgRrhK0Ip2hJXqTunrkRi_uZSXyuPEpgfRgAgAIpzk1K6HCcovdikyhqYTr_CHSfDFSxYRUMyvY_qQxzOP_ubIf2Ap-2YATF5VW6CbZBiStiIqZ-V7K3psBrJFyxT95inreXPzdeusQo5z4KnfRbElWV2GHcbfH0ii-w8Xu8pKKVTKboxosJ85Zk0rz6XlGnjlC4leQxG3FMOs.bA9ktQNZFRegcOv4kWeIiV5byj6OkIIDE-BihfS5e64&dib_tag=se&keywords=grinder&qid=1759257058&sprefix=grinder%2Caps%2C236&sr=8-57&xpid=MNd-klT5-OOoW,"ACTIVA Easy Mix Nutri 2 Jar Mixer Grinder for Smoothies, Chutney & Shakes, Long Lasting Shock Proof Abs Body, Powerful 500 Watt Heavy Duty Motor With Nano Grinding Technology, 2 Years warranty-Black",ACTIVA,2290,1099,52,4.2,3890,ACTIVA,2.3 litres,Black,29D x 23W x 21H Centimeters,"Easy to clean, Good Quality, Heavy Duty"
https://www.amazon.in/Hercules-Mixer-Warranty-Chuntney-Capacity/dp/B0DG5HBJRZ/ref=sr_1_68?crid=2K91KPZM8IIUC&dib=eyJ2IjoiMSJ9.idrNB0stu8VY15jpxhayZwIyXitwiQgRrhK0Ip2hJXqTunrkRi_uZSXyuPEpgfRgAgAIpzk1K6HCcovdikyhqYTr_CHSfDFSxYRUMyvY_qQxzOP_ubIf2Ap-2YATF5VW6CbZBiStiIqZ-V7K3psBrJFyxT95inreXPzdeusQo5z4KnfRbElWV2GHcbfH0ii-w8Xu8pKKVTKboxosJ85Zk0rz6XlGnjlC4leQxG3FMOs.bA9ktQNZFRegcOv4kWeIiV5byj6OkIIDE-BihfS5e64&dib_tag=se&keywords=grinder&qid=1759257058&sprefix=grinder%2Caps%2C236&sr=8-68&xpid=MNd-klT5-OOoW,"Cello Hercules Mixer Grinder 750 Watt Black | 3 Stainless Steel Jars & 1 Juicer Jar | For Chutney, Juice and Shakes | For Grinding Wet & Dry Ingredients | Overload Protection | 2 Years Warranty",CELLO,5295,2499,55,3.9,325,CELLO,N/A,Black,47D x 24.5W x 26.5H Centimeters,N/A
https://www.amazon.in/Bullet-High-Power-Multi-Function-Blending-Grinding/dp/B0DP9H6GQX/ref=sr_1_65?crid=2K91KPZM8IIUC&dib=eyJ2IjoiMSJ9.idrNB0stu8VY15jpxhayZwIyXitwiQgRrhK0Ip2hJXqTunrkRi_uZSXyuPEpgfRgAgAIpzk1K6HCcovdikyhqYTr_CHSfDFSxYRUMyvY_qQxzOP_ubIf2Ap-2YATF5VW6CbZBiStiIqZ-V7K3psBrJFyxT95inreXPzdeusQo5z4KnfRbElWV2GHcbfH0ii-w8Xu8pKKVTKboxosJ85Zk0rz6XlGnjlC4leQxG3FMOs.bA9ktQNZFRegcOv4kWeIiV5byj6OkIIDE-BihfS5e64&dib_tag=se&keywords=grinder&qid=1759257058&sprefix=grinder%2Caps%2C236&sr=8-65&xpid=MNd-klT5-OOoW,"Cadlec Bullet 3 Jar Mixer Grinder | High-Power Motor Juicer | Blender & Mixer | Durable ABS Body | Multi-Function for Juicing, Blending & Grinding | 2-Year Warranty",CADLEC,3499,1199,66,4.2,130,CADLEC,0.5 litres,Black,11.5D x 13.8W x 7.9H Centimeters,"Adjustable Speed Control, Anti-Skid, Leak-Proof Jars"
https://www.amazon.in/Prestige-Astra-Neo-Mixer-Grinder/dp/B0FNNBTQNF/ref=sr_1_60?crid=2K91KPZM8IIUC&dib=eyJ2IjoiMSJ9.idrNB0stu8VY15jpxhayZwIyXitwiQgRrhK0Ip2hJXqTunrkRi_uZSXyuPEpgfRgAgAIpzk1K6HCcovdikyhqYTr_CHSfDFSxYRUMyvY_qQxzOP_ubIf2Ap-2YATF5VW6CbZBiStiIqZ-V7K3psBrJFyxT95inreXPzdeusQo5z4KnfRbElWV2GHcbfH0ii-w8Xu8pKKVTKboxosJ85Zk0rz6XlGnjlC4leQxG3FMOs.bA9ktQNZFRegcOv4kWeIiV5byj6OkIIDE-BihfS5e64&dib_tag=se&keywords=grinder&qid=1759257058&sprefix=grinder%2Caps%2C236&sr=8-60&xpid=MNd-klT5-OOoW,"Prestige 750W Astra Neo Mixer Grinder with 4 Jars(3 Stainless Steel Jars,1 Juicer Jar)|1500ml wet Jar,1000ml dry jar,1500ml juice jar,300ml chutney jar|Stacking space for storage|2Y product warranty",Prestige,6245,2623,58,N/A,N/A,Prestige,N/A,Blue,21.7D x 39W x 38.5H Centimeters,"Juicer Jar, Powerful Motor, Sharp Blades, Steel Jars, Sturdy Handles"
https://www.amazon.in/Longway-Sage-Grinding-Powerful-Warranty/dp/B0C24NDQK4/ref=sr_1_61?crid=2K91KPZM8IIUC&dib=eyJ2IjoiMSJ9.idrNB0stu8VY15jpxhayZwIyXitwiQgRrhK0Ip2hJXqTunrkRi_uZSXyuPEpgfRgAgAIpzk1K6HCcovdikyhqYTr_CHSfDFSxYRUMyvY_qQxzOP_ubIf2Ap-2YATF5VW6CbZBiStiIqZ-V7K3psBrJFyxT95inreXPzdeusQo5z4KnfRbElWV2GHcbfH0ii-w8Xu8pKKVTKboxosJ85Zk0rz6XlGnjlC4leQxG3FMOs.bA9ktQNZFRegcOv4kWeIiV5byj6OkIIDE-BihfS5e64&dib_tag=se&keywords=grinder&qid=1759257058&sprefix=grinder%2Caps%2C236&sr=8-61&xpid=MNd-klT5-OOoW,"Longway Sage 500 Watt Juicer Mixer Grinder with 2 Jars for Grinding, Mixing, Juicing with Powerful Motor | 1 Year Warranty | (Gray & Black, 2 Jars)",LONGWAY,2499,950,62,3.9,952,LONGWAY,0.6 litres,Gray,26D x 18W x 23H Centimeters,Adjustable Speed Control
https://www.amazon.in/Havells-Vitonica-Grinder-Stainless-Jar/dp/B0872G7DT4/ref=sr_1_66?crid=2K91KPZM8IIUC&dib=eyJ2IjoiMSJ9.idrNB0stu8VY15jpxhayZwIyXitwiQgRrhK0Ip2hJXqTunrkRi_uZSXyuPEpgfRgAgAIpzk1K6HCcovdikyhqYTr_CHSfDFSxYRUMyvY_qQxzOP_ubIf2Ap-2YATF5VW6CbZBiStiIqZ-V7K3psBrJFyxT95inreXPzdeusQo5z4KnfRbElWV2GHcbfH0ii-w8Xu8pKKVTKboxosJ85Zk0rz6XlGnjlC4leQxG3FMOs.bA9ktQNZFRegcOv4kWeIiV5byj6OkIIDE-BihfS5e64&dib_tag=se&keywords=grinder&qid=1759257058&sprefix=grinder%2Caps%2C236&sr=8-66&xpid=MNd-klT5-OOoW,Havells Vitonica 500Watts Juicer Mixer Grinder with 3 Bigger Size Jars | Rust Resistant 304SS Sieve | Large Size Pulp Container | 1.75 Ltr Break Resistant Jar | 5 Yr Motor Manufacturer Warranty (Blue),Havells,5995,2998,50,3.8,3354,Havells,2 litres,White and Blue,31D x 38W x 32.5H Centimeters,Foldable
https://www.amazon.in/Primwand-Electric-Stainless-One-Touch-Grinding/dp/B0FKHHN216/ref=sr_1_53?crid=2K91KPZM8IIUC&dib=eyJ2IjoiMSJ9.idrNB0stu8VY15jpxhayZwIyXitwiQgRrhK0Ip2hJXqTunrkRi_uZSXyuPEpgfRgAgAIpzk1K6HCcovdikyhqYTr_CHSfDFSxYRUMyvY_qQxzOP_ubIf2Ap-2YATF5VW6CbZBiStiIqZ-V7K3psBrJFyxT95inreXPzdeusQo5z4KnfRbElWV2GHcbfH0ii-w8Xu8pKKVTKboxosJ85Zk0rz6XlGnjlC4leQxG3FMOs.bA9ktQNZFRegcOv4kWeIiV5byj6OkIIDE-BihfS5e64&dib_tag=se&keywords=grinder&qid=1759257058&sprefix=grinder%2Caps%2C236&sr=8-53&xpid=MNd-klT5-OOoW,"Primwand Electric Herb & Spice Grinder 200W | Stainless Steel 4 Blade Grinder for Dry Masala, Coffee Beans, Nuts & Grains | One-Touch Push Button | Compact & Durable Grinding Machine for Kitchen Use",Primwand,1099,495,55,3.4,7,Primwand,N/A,Multicolor,10L x 10W x 19H Centimeters,N/A
https://www.amazon.in/Etekcity-Grinder-Functional-Seasonings-Stainless/dp/B0F74PN5F2/ref=sr_1_54?crid=2K91KPZM8IIUC&dib=eyJ2IjoiMSJ9.idrNB0stu8VY15jpxhayZwIyXitwiQgRrhK0Ip2hJXqTunrkRi_uZSXyuPEpgfRgAgAIpzk1K6HCcovdikyhqYTr_CHSfDFSxYRUMyvY_qQxzOP_ubIf2Ap-2YATF5VW6CbZBiStiIqZ-V7K3psBrJFyxT95inreXPzdeusQo5z4KnfRbElWV2GHcbfH0ii-w8Xu8pKKVTKboxosJ85Zk0rz6XlGnjlC4leQxG3FMOs.bA9ktQNZFRegcOv4kWeIiV5byj6OkIIDE-BihfS5e64&dib_tag=se&keywords=grinder&qid=1759257058&sprefix=grinder%2Caps%2C236&sr=8-54&xpid=MNd-klT5-OOoW,Etekcity Grinder Machine for Kitchen Mixer Grinder Multi Functional Coffee Herbs Spices Nuts Grain Seasonings Spices Mill Powder Machine Stainless Steel Mixie for Kitchen,Etekcity,999,450,55,4.1,20415,Etekcity,N/A,Multicolor,6L x 4W x 10H Centimeters,N/A
https://www.amazon.in/Orient-Electric-Kitchen-MGKK50B3-500-Watt/dp/B01M3SYQ7P/ref=sr_1_49?crid=2K91KPZM8IIUC&dib=eyJ2IjoiMSJ9.idrNB0stu8VY15jpxhayZwIyXitwiQgRrhK0Ip2hJXqTunrkRi_uZSXyuPEpgfRgAgAIpzk1K6HCcovdikyhqYTr_CHSfDFSxYRUMyvY_qQxzOP_ubIf2Ap-2YATF5VW6CbZBiStiIqZ-V7K3psBrJFyxT95inreXPzdeusQo5z4KnfRbElWV2GHcbfH0ii-w8Xu8pKKVTKboxosJ85Zk0rz6XlGnjlC4leQxG3FMOs.bA9ktQNZFRegcOv4kWeIiV5byj6OkIIDE-BihfS5e64&dib_tag=se&keywords=grinder&qid=1759257058&sprefix=grinder%2Caps%2C236&sr=8-49&xpid=MNd-klT5-OOoW,Orient Electric 500W mixer grinder | Kitchen Kraft 500 MGKK50B3 with 3 SS jars | Longer life balanced coil motor | ABS body | Uniform grinding | 5 years motor warranty,Orient Electric,3190,1786,44,4.0,10633,Orient Electric,1.2 litres,White,22.5D x 21W x 50H Centimeters,5 years motor warranty
https://www.amazon.in/Sowbaghya-Grinder-Kitchen-Batter-Indian/dp/B0CQJYB24C/ref=sr_1_62?crid=2K91KPZM8IIUC&dib=eyJ2IjoiMSJ9.idrNB0stu8VY15jpxhayZwIyXitwiQgRrhK0Ip2hJXqTunrkRi_uZSXyuPEpgfRgAgAIpzk1K6HCcovdikyhqYTr_CHSfDFSxYRUMyvY_qQxzOP_ubIf2Ap-2YATF5VW6CbZBiStiIqZ-V7K3psBrJFyxT95inreXPzdeusQo5z4KnfRbElWV2GHcbfH0ii-w8Xu8pKKVTKboxosJ85Zk0rz6XlGnjlC4leQxG3FMOs.bA9ktQNZFRegcOv4kWeIiV5byj6OkIIDE-BihfS5e64&dib_tag=se&keywords=grinder&qid=1759257058&sprefix=grinder%2Caps%2C236&sr=8-62&xpid=MNd-klT5-OOoW,SOWBAGHYA Mint 2Ltr Table Top Wet Grinder | Heavy Duty Motor | Ideal for Your Kitchen | 2Ltr Wet Grinder for All Kinds of Batter for South Indian Dishes | ABS (Black),SOWBAGHYA,6499,3379,48,3.7,70,SOWBAGHYA,2 litres,Black,40L x 80W x 32H Centimeters,N/A
https://www.amazon.in/HL7770-00-Powerful-MicroGrind-technology/dp/B0DVSVT1G9/ref=sr_1_63?crid=2K91KPZM8IIUC&dib=eyJ2IjoiMSJ9.idrNB0stu8VY15jpxhayZwIyXitwiQgRrhK0Ip2hJXqTunrkRi_uZSXyuPEpgfRgAgAIpzk1K6HCcovdikyhqYTr_CHSfDFSxYRUMyvY_qQxzOP_ubIf2Ap-2YATF5VW6CbZBiStiIqZ-V7K3psBrJFyxT95inreXPzdeusQo5z4KnfRbElWV2GHcbfH0ii-w8Xu8pKKVTKboxosJ85Zk0rz6XlGnjlC4leQxG3FMOs.bA9ktQNZFRegcOv4kWeIiV5byj6OkIIDE-BihfS5e64&dib_tag=se&keywords=grinder&qid=1759257058&sprefix=grinder%2Caps%2C236&sr=8-63&xpid=MNd-klT5-OOoW,"Philips HL7770/00 Mixer Grinder, 800 Watt Powerful motor, 3 Jars, MicroGrind technology : Grind even 1 pepper; Choose Coarse, Fine, or Superfine for perfect textures every time",PHILIPS,5195,4000,23,4.2,4166,PHILIPS,2.9 litres,Grey,38.5D x 32W x 23.8H Centimeters,Adjustable Speed Control
https://www.amazon.in/Bajaj-Nutri-Pro-Features-Adjustable-Multifunctional/dp/B0CFDSRQVT/ref=sr_1_58?crid=2K91KPZM8IIUC&dib=eyJ2IjoiMSJ9.idrNB0stu8VY15jpxhayZwIyXitwiQgRrhK0Ip2hJXqTunrkRi_uZSXyuPEpgfRgAgAIpzk1K6HCcovdikyhqYTr_CHSfDFSxYRUMyvY_qQxzOP_ubIf2Ap-2YATF5VW6CbZBiStiIqZ-V7K3psBrJFyxT95inreXPzdeusQo5z4KnfRbElWV2GHcbfH0ii-w8Xu8pKKVTKboxosJ85Zk0rz6XlGnjlC4leQxG3FMOs.bA9ktQNZFRegcOv4kWeIiV5byj6OkIIDE-BihfS5e64&dib_tag=se&keywords=grinder&qid=1759257058&sprefix=grinder%2Caps%2C236&sr=8-58&xpid=MNd-klT5-OOoW,Bajaj Rex Mixer Grinder 500W | Mixie For Kitchen With Nutri-Pro Features | 3 SS Mixer Jars For Heavy Duty Grinding | Adjustable Speed Control | Multifunctional Blade System | 2 Yr Warranty【Purple】,Bajaj,3800,1999,47,3.8,1682,Bajaj,2.4 litres,Purple,22.4D x 13.3W x 22.8H Centimeters,Built In Grinder
https://www.amazon.in/Ponmani-Power-Plus-Table-Grinder/dp/B01MFX6MD9/ref=sr_1_69?crid=2K91KPZM8IIUC&dib=eyJ2IjoiMSJ9.idrNB0stu8VY15jpxhayZwIyXitwiQgRrhK0Ip2hJXqTunrkRi_uZSXyuPEpgfRgAgAIpzk1K6HCcovdikyhqYTr_CHSfDFSxYRUMyvY_qQxzOP_ubIf2Ap-2YATF5VW6CbZBiStiIqZ-V7K3psBrJFyxT95inreXPzdeusQo5z4KnfRbElWV2GHcbfH0ii-w8Xu8pKKVTKboxosJ85Zk0rz6XlGnjlC4leQxG3FMOs.bA9ktQNZFRegcOv4kWeIiV5byj6OkIIDE-BihfS5e64&dib_tag=se&keywords=grinder&qid=1759257058&sprefix=grinder%2Caps%2C236&sr=8-69&xpid=MNd-klT5-OOoW,"Ponmani Power Plus - 3Ltr Tilting Wet Grinder (Red, 225W Copper Motor, Fast Grinding)",Ponmani,10950,8141,26,4.3,660,Ponmani,N/A,N/A,30L x 29W x 49H Centimeters,N/A
https://www.amazon.in/Havells-Pulse-500-Leak-Resistant-Black/dp/B0DZX4LWW5/ref=sr_1_50?crid=2K91KPZM8IIUC&dib=eyJ2IjoiMSJ9.idrNB0stu8VY15jpxhayZwIyXitwiQgRrhK0Ip2hJXqTunrkRi_uZSXyuPEpgfRgAgAIpzk1K6HCcovdikyhqYTr_CHSfDFSxYRUMyvY_qQxzOP_ubIf2Ap-2YATF5VW6CbZBiStiIqZ-V7K3psBrJFyxT95inreXPzdeusQo5z4KnfRbElWV2GHcbfH0ii-w8Xu8pKKVTKboxosJ85Zk0rz6XlGnjlC4leQxG3FMOs.bA9ktQNZFRegcOv4kWeIiV5byj6OkIIDE-BihfS5e64&dib_tag=se&keywords=grinder&qid=1759257058&sprefix=grinder%2Caps%2C236&sr=8-50&xpid=MNd-klT5-OOoW,"Havells Pulse 500 Watt Mixer Grinder | 3 Stainless Steel Leak-Resistant Jars (400ml, 800ml, 1.2L) | 3 Speed Control | Heavy-Duty ABS Body | Durable SS Blades | Air Vent Technology | Black",Havells,3895,1986,49,4.2,3025,Havells,2 litres,BLACK,27.1D x 11.2W x 14.6H Centimeters,Adjustable Speed Control
https://www.amazon.in/Elgi-Ultra-Bigg-2-5-Litre-Multicolor/dp/B00OUHNLPA/ref=sr_1_67?crid=2K91KPZM8IIUC&dib=eyJ2IjoiMSJ9.idrNB0stu8VY15jpxhayZwIyXitwiQgRrhK0Ip2hJXqTunrkRi_uZSXyuPEpgfRgAgAIpzk1K6HCcovdikyhqYTr_CHSfDFSxYRUMyvY_qQxzOP_ubIf2Ap-2YATF5VW6CbZBiStiIqZ-V7K3psBrJFyxT95inreXPzdeusQo5z4KnfRbElWV2GHcbfH0ii-w8Xu8pKKVTKboxosJ85Zk0rz6XlGnjlC4leQxG3FMOs.bA9ktQNZFRegcOv4kWeIiV5byj6OkIIDE-BihfS5e64&dib_tag=se&keywords=grinder&qid=1759257058&sprefix=grinder%2Caps%2C236&sr=8-67&xpid=MNd-klT5-OOoW,"Ultra BIGG+ 2.5 Litre Table Top Wet Grinder - White | Digital Timer - Fast Grinding Conical Stones, 150W Motor & 5 Years Warranty | AISI 304 Food-Grade SS Multi Utility Cylindrical Drum, CE Certified",ULTRA,9990,8450,11,4.1,1444,ULTRA,N/A,Blue,56.5L x 36.5W x 31.5H Centimeters,N/A
