URL,Title,Brand,MRP,Current Price,Discount %,Rating,Reviews,Brand,CPU Model,CPU Speed,Operating System,RAM Memory Installed Size
https://www.amazon.in/Redmi-Sparkle-Storage-Segment-Charging/dp/B0DLW44CGS/ref=sr_1_1?crid=2K91KPZM8IIUC&dib=eyJ2IjoiMSJ9.auiEFqytY0iX-G7r0YCPUD0BpO1OeZUv0eODPkLv1ppVstxDtsX5g0c6HxsRmWG2_vFZWnIIzaZ8d9noiLXzctTABLeyoJVnrIYrxUhe2Ex_yZYk5Mc-BYyh33F-msXioWBUGlbPUhi03I0dOHugf1foKvYl0a0I3F2KlyqU0_vjzQPei_zIPzQodIY92kr9VfGCJHv8cOwGN0IQ83VHA9gknKpz8u_Zcl9VQwlGZT8.8NgYmkFK2chGJ9syaRRTUg27ZHTXZ4OvGowsSq7hSy4&dib_tag=se&keywords=mobile&qid=1762120180&sprefix=mobile%2Caps%2C236&sr=8-1,"Redmi A4 5G (Sparkle Purple, 4GB RAM, 128GB Storage) | Segment Largest 6.88in 120Hz | 50MP Dual Camera | 18W Fast Charging | Charger in The Box",Redmi,11999,8399,30,4.0,8638,Redmi,Others,2 GHz,Android 14,4 GB
https://www.amazon.in/Samsung-Storage-MediaTek-Charging-Upgrades/dp/B0FN7QTRPY/ref=sr_1_3?crid=2K91KPZM8IIUC&dib=eyJ2IjoiMSJ9.auiEFqytY0iX-G7r0YCPUD0BpO1OeZUv0eODPkLv1ppVstxDtsX5g0c6HxsRmWG2_vFZWnIIzaZ8d9noiLXzctTABLeyoJVnrIYrxUhe2Ex_yZYk5Mc-BYyh33F-msXioWBUGlbPUhi03I0dOHugf1foKvYl0a0I3F2KlyqU0_vjzQPei_zIPzQodIY92kr9VfGCJHv8cOwGN0IQ83VHA9gknKpz8u_Zcl9VQwlGZT8.8NgYmkFK2chGJ9syaRRTUg27ZHTXZ4OvGowsSq7hSy4&dib_tag=se&keywords=mobile&qid=1762120180&sprefix=mobile%2Caps%2C236&sr=8-3,"Samsung Galaxy M07 (Black, 4GB RAM, 64GB Storage) | MediaTek Helio G99 | IP54 Rating | 50MP Auto Focus Camera | 7.6mm Slim | 5000mAh Battery| 25W Fast Charging | 6 Gen of OS Upgrades | Without Charger",Samsung,9999,6799,32,3.6,40,Samsung,MediaTek Helio,2.2 GHz,Android 15.0,4 GB
https://www.amazon.in/POCO-Ocean-Blue-6GB-128GB/dp/B0F135PGDX/ref=sr_1_2?crid=2K91KPZM8IIUC&dib=eyJ2IjoiMSJ9.auiEFqytY0iX-G7r0YCPUD0BpO1OeZUv0eODPkLv1ppVstxDtsX5g0c6HxsRmWG2_vFZWnIIzaZ8d9noiLXzctTABLeyoJVnrIYrxUhe2Ex_yZYk5Mc-BYyh33F-msXioWBUGlbPUhi03I0dOHugf1foKvYl0a0I3F2KlyqU0_vjzQPei_zIPzQodIY92kr9VfGCJHv8cOwGN0IQ83VHA9gknKpz8u_Zcl9VQwlGZT8.8NgYmkFK2chGJ9syaRRTUg27ZHTXZ4OvGowsSq7hSy4&dib_tag=se&keywords=mobile&qid=1762120180&sprefix=mobile%2Caps%2C236&sr=8-2,"POCO M7 5G, Ocean Blue (6GB, 128GB)",POCO,12999,8449,35,4.1,1584,POCO,Snapdragon,2.2 GHz,Android 14,6 GB
https://www.amazon.in/Infinix-Storage-MediaTek-Ultimate-FastCharge/dp/B0F3V36VTX/ref=sr_1_11?crid=2K91KPZM8IIUC&dib=eyJ2IjoiMSJ9.auiEFqytY0iX-G7r0YCPUD0BpO1OeZUv0eODPkLv1ppVstxDtsX5g0c6HxsRmWG2_vFZWnIIzaZ8d9noiLXzctTABLeyoJVnrIYrxUhe2Ex_yZYk5Mc-BYyh33F-msXioWBUGlbPUhi03I0dOHugf1foKvYl0a0I3F2KlyqU0_vjzQPei_zIPzQodIY92kr9VfGCJHv8cOwGN0IQ83VHA9gknKpz8u_Zcl9VQwlGZT8.8NgYmkFK2chGJ9syaRRTUg27ZHTXZ4OvGowsSq7hSy4&dib_tag=se&keywords=mobile&qid=1762120180&sprefix=mobile%2Caps%2C236&sr=8-11,"Infinix Note 50x 5G+ (Sea Breeze Green, 6GB RAM, 128GB Storage) | MediaTek D7300 Ultimate | 90FPS BGMI Gaming | 5500mAH Battery with 45W FastCharge | 650K+ AnTuTu AI",Infinix Mobile,14999,11999,20,4.3,204,Infinix Mobile,Others,2.5 GHz,Android 15 || XOS 15 (Based on Android 15),6 GB
https://www.amazon.in/Redmi-Orchid-Largest-Display-Segment/dp/B0D78X5CMJ/ref=sr_1_9?crid=2K91KPZM8IIUC&dib=eyJ2IjoiMSJ9.auiEFqytY0iX-G7r0YCPUD0BpO1OeZUv0eODPkLv1ppVstxDtsX5g0c6HxsRmWG2_vFZWnIIzaZ8d9noiLXzctTABLeyoJVnrIYrxUhe2Ex_yZYk5Mc-BYyh33F-msXioWBUGlbPUhi03I0dOHugf1foKvYl0a0I3F2KlyqU0_vjzQPei_zIPzQodIY92kr9VfGCJHv8cOwGN0IQ83VHA9gknKpz8u_Zcl9VQwlGZT8.8NgYmkFK2chGJ9syaRRTUg27ZHTXZ4OvGowsSq7hSy4&dib_tag=se&keywords=mobile&qid=1762120180&sprefix=mobile%2Caps%2C236&sr=8-9,"Redmi 13 5G Prime Edition, Orchid Pink, 8GB+128GB | India Debut SD 4 Gen 2 AE | 108MP Pro Grade Camera | 6.79in Largest Display in Segment",Redmi,19999,11199,44,4.1,3383,Redmi,Snapdragon,2.3 GHz,Android 14,8 GB
https://www.amazon.in/Samsung-Sapphire-Storage-Gorilla-Upgrades/dp/B0FN7WCV5Y/ref=sr_1_10?crid=2K91KPZM8IIUC&dib=eyJ2IjoiMSJ9.auiEFqytY0iX-G7r0YCPUD0BpO1OeZUv0eODPkLv1ppVstxDtsX5g0c6HxsRmWG2_vFZWnIIzaZ8d9noiLXzctTABLeyoJVnrIYrxUhe2Ex_yZYk5Mc-BYyh33F-msXioWBUGlbPUhi03I0dOHugf1foKvYl0a0I3F2KlyqU0_vjzQPei_zIPzQodIY92kr9VfGCJHv8cOwGN0IQ83VHA9gknKpz8u_Zcl9VQwlGZT8.8NgYmkFK2chGJ9syaRRTUg27ZHTXZ4OvGowsSq7hSy4&dib_tag=se&keywords=mobile&qid=1762120180&sprefix=mobile%2Caps%2C236&sr=8-10,"Samsung Galaxy M17 5G (Sapphire Black, 6GB RAM, 128GB Storage)| 50MP OIS Triple Camera| Gorilla Glass Victus| IP54 Rating| 6 Gen of OS Upgrades| AI| Circle to Search| Gemini Live| Without Charger",Samsung,17999,15479,14,4.2,115,Samsung,Exynos 1330 S5E8535,2.4 GHz,Android 15.0,6 GB
https://www.amazon.in/POCO-Plus-Ice-Silver-128GB/dp/B0D9KKXJSY/ref=sr_1_6?crid=2K91KPZM8IIUC&dib=eyJ2IjoiMSJ9.auiEFqytY0iX-G7r0YCPUD0BpO1OeZUv0eODPkLv1ppVstxDtsX5g0c6HxsRmWG2_vFZWnIIzaZ8d9noiLXzctTABLeyoJVnrIYrxUhe2Ex_yZYk5Mc-BYyh33F-msXioWBUGlbPUhi03I0dOHugf1foKvYl0a0I3F2KlyqU0_vjzQPei_zIPzQodIY92kr9VfGCJHv8cOwGN0IQ83VHA9gknKpz8u_Zcl9VQwlGZT8.8NgYmkFK2chGJ9syaRRTUg27ZHTXZ4OvGowsSq7hSy4&dib_tag=se&keywords=mobile&qid=1762120180&sprefix=mobile%2Caps%2C236&sr=8-6,POCO M6 Plus 5G Ice Silver 8GB RAM 128GB ROM,POCO,14499,10294,29,4.0,1500,POCO,Snapdragon,2.3 GHz,"Android 14, Xiaomi HyperOS",8 GB
https://www.amazon.in/Redmi-Storage-Premium-Powerful-Processor/dp/B0D78VJQ93/ref=sr_1_5?crid=2K91KPZM8IIUC&dib=eyJ2IjoiMSJ9.auiEFqytY0iX-G7r0YCPUD0BpO1OeZUv0eODPkLv1ppVstxDtsX5g0c6HxsRmWG2_vFZWnIIzaZ8d9noiLXzctTABLeyoJVnrIYrxUhe2Ex_yZYk5Mc-BYyh33F-msXioWBUGlbPUhi03I0dOHugf1foKvYl0a0I3F2KlyqU0_vjzQPei_zIPzQodIY92kr9VfGCJHv8cOwGN0IQ83VHA9gknKpz8u_Zcl9VQwlGZT8.8NgYmkFK2chGJ9syaRRTUg27ZHTXZ4OvGowsSq7hSy4&dib_tag=se&keywords=mobile&qid=1762120180&sprefix=mobile%2Caps%2C236&sr=8-5,Redmi A3X Ocean Green 4GB RAM 128GB ROM,Redmi,10999,6501,39,4.0,139,Redmi,Snapdragon,1.8 GHz,Android 14,4 GB
https://www.amazon.in/Xiaomi-Matcha-Green-256GB-Storage/dp/B0D81K17MT/ref=sr_1_14?crid=2K91KPZM8IIUC&dib=eyJ2IjoiMSJ9.auiEFqytY0iX-G7r0YCPUD0BpO1OeZUv0eODPkLv1ppVstxDtsX5g0c6HxsRmWG2_vFZWnIIzaZ8d9noiLXzctTABLeyoJVnrIYrxUhe2Ex_yZYk5Mc-BYyh33F-msXioWBUGlbPUhi03I0dOHugf1foKvYl0a0I3F2KlyqU0_vjzQPei_zIPzQodIY92kr9VfGCJHv8cOwGN0IQ83VHA9gknKpz8u_Zcl9VQwlGZT8.8NgYmkFK2chGJ9syaRRTUg27ZHTXZ4OvGowsSq7hSy4&dib_tag=se&keywords=mobile&qid=1762120180&sprefix=mobile%2Caps%2C236&sr=8-14,XIAOMI 14 Civi Matcha Green (8GB RAM 256GB Storage) | 50 MP Leica Triple Camera| SD 8s Gen 3 | 1.5K Quad Curved AMOLED HyperOS,XIAOMI,54999,26400,52,4.1,1105,XIAOMI,Snapdragon,"2, 2.8, 3 GHz","Android 14, HyperOS",8 GB
https://www.amazon.in/Samsung-MediaTek-Dimensity-Charging-Upgrades/dp/B0DX5R87P8/ref=sr_1_7?crid=2K91KPZM8IIUC&dib=eyJ2IjoiMSJ9.auiEFqytY0iX-G7r0YCPUD0BpO1OeZUv0eODPkLv1ppVstxDtsX5g0c6HxsRmWG2_vFZWnIIzaZ8d9noiLXzctTABLeyoJVnrIYrxUhe2Ex_yZYk5Mc-BYyh33F-msXioWBUGlbPUhi03I0dOHugf1foKvYl0a0I3F2KlyqU0_vjzQPei_zIPzQodIY92kr9VfGCJHv8cOwGN0IQ83VHA9gknKpz8u_Zcl9VQwlGZT8.8NgYmkFK2chGJ9syaRRTUg27ZHTXZ4OvGowsSq7hSy4&dib_tag=se&keywords=mobile&qid=1762120180&sprefix=mobile%2Caps%2C236&sr=8-7,"Samsung Galaxy M06 5G (Blazing Black, 6GB RAM, 128 GB Storage) | MediaTek Dimensity 6300 | AnTuTu Score 422K+ | 12 5G Bands | 25W Fast Charging | 4 Gen of OS Upgrades | Without Charger",Samsung,15499,11469,26,3.9,4394,Samsung,Others,2.4 GHz,Android 15.0,6 GB
https://www.amazon.in/Nothing-Phone-Grey-256GB-Storage/dp/B0DZTQ1XH1/ref=sr_1_16?crid=2K91KPZM8IIUC&dib=eyJ2IjoiMSJ9.auiEFqytY0iX-G7r0YCPUD0BpO1OeZUv0eODPkLv1ppVstxDtsX5g0c6HxsRmWG2_vFZWnIIzaZ8d9noiLXzctTABLeyoJVnrIYrxUhe2Ex_yZYk5Mc-BYyh33F-msXioWBUGlbPUhi03I0dOHugf1foKvYl0a0I3F2KlyqU0_vjzQPei_zIPzQodIY92kr9VfGCJHv8cOwGN0IQ83VHA9gknKpz8u_Zcl9VQwlGZT8.8NgYmkFK2chGJ9syaRRTUg27ZHTXZ4OvGowsSq7hSy4&dib_tag=se&keywords=mobile&qid=1762120180&sprefix=mobile%2Caps%2C236&sr=8-16,"Nothing Phone (3a) Pro 5G (Grey, 12GB RAM + 256GB Storage)",Nothing,36999,31449,15,4.4,85,Nothing,Cortex A7,"1.8, 2.4, 2.5 GHz",Android 14,12 GB
https://www.amazon.in/Motorola-g45-Pantone-Moss-128/dp/B0FL21SZXQ/ref=sr_1_12?crid=2K91KPZM8IIUC&dib=eyJ2IjoiMSJ9.auiEFqytY0iX-G7r0YCPUD0BpO1OeZUv0eODPkLv1ppVstxDtsX5g0c6HxsRmWG2_vFZWnIIzaZ8d9noiLXzctTABLeyoJVnrIYrxUhe2Ex_yZYk5Mc-BYyh33F-msXioWBUGlbPUhi03I0dOHugf1foKvYl0a0I3F2KlyqU0_vjzQPei_zIPzQodIY92kr9VfGCJHv8cOwGN0IQ83VHA9gknKpz8u_Zcl9VQwlGZT8.8NgYmkFK2chGJ9syaRRTUg27ZHTXZ4OvGowsSq7hSy4&dib_tag=se&keywords=mobile&qid=1762120180&sprefix=mobile%2Caps%2C236&sr=8-12,"Motorola g45 5G (Pantone Moss, 128 GB) (8 GB RAM)",Motorola,14999,12449,17,4.0,111,Motorola,Snapdragon,2.3 GHz,Android 14,8 GB
https://www.amazon.in/Redmi-Midnight-Storage-Powerful-Processor/dp/B0D78VSVGS/ref=sr_1_15?crid=2K91KPZM8IIUC&dib=eyJ2IjoiMSJ9.auiEFqytY0iX-G7r0YCPUD0BpO1OeZUv0eODPkLv1ppVstxDtsX5g0c6HxsRmWG2_vFZWnIIzaZ8d9noiLXzctTABLeyoJVnrIYrxUhe2Ex_yZYk5Mc-BYyh33F-msXioWBUGlbPUhi03I0dOHugf1foKvYl0a0I3F2KlyqU0_vjzQPei_zIPzQodIY92kr9VfGCJHv8cOwGN0IQ83VHA9gknKpz8u_Zcl9VQwlGZT8.8NgYmkFK2chGJ9syaRRTUg27ZHTXZ4OvGowsSq7hSy4&dib_tag=se&keywords=mobile&qid=1762120180&sprefix=mobile%2Caps%2C236&sr=8-15,Redmi A3X Midnight Black 4GB RAM 128GB ROM,Redmi,10999,6501,38,3.9,134,Redmi,Snapdragon,1.8 GHz,N/A,N/A
https://www.amazon.in/Samsung-Galaxy-Smartphone-Graphite-Storage/dp/B0DHL7YT5S/ref=sr_1_13?crid=2K91KPZM8IIUC&dib=eyJ2IjoiMSJ9.auiEFqytY0iX-G7r0YCPUD0BpO1OeZUv0eODPkLv1ppVstxDtsX5g0c6HxsRmWG2_vFZWnIIzaZ8d9noiLXzctTABLeyoJVnrIYrxUhe2Ex_yZYk5Mc-BYyh33F-msXioWBUGlbPUhi03I0dOHugf1foKvYl0a0I3F2KlyqU0_vjzQPei_zIPzQodIY92kr9VfGCJHv8cOwGN0IQ83VHA9gknKpz8u_Zcl9VQwlGZT8.8NgYmkFK2chGJ9syaRRTUg27ZHTXZ4OvGowsSq7hSy4&dib_tag=se&keywords=mobile&qid=1762120180&sprefix=mobile%2Caps%2C236&sr=8-13,"Samsung Galaxy S24 FE 5G AI Smartphone (Graphite, 8GB RAM, 128GB Storage)",Samsung,59999,34199,43,4.3,1046,Samsung,Snapdragon,3.1 GHz,Android 14,8 GB
https://www.amazon.in/Redmi-Storage-Segments-Smoothest-Expandable/dp/B0F3P2ZL2X/ref=sr_1_4?crid=2K91KPZM8IIUC&dib=eyJ2IjoiMSJ9.auiEFqytY0iX-G7r0YCPUD0BpO1OeZUv0eODPkLv1ppVstxDtsX5g0c6HxsRmWG2_vFZWnIIzaZ8d9noiLXzctTABLeyoJVnrIYrxUhe2Ex_yZYk5Mc-BYyh33F-msXioWBUGlbPUhi03I0dOHugf1foKvYl0a0I3F2KlyqU0_vjzQPei_zIPzQodIY92kr9VfGCJHv8cOwGN0IQ83VHA9gknKpz8u_Zcl9VQwlGZT8.8NgYmkFK2chGJ9syaRRTUg27ZHTXZ4OvGowsSq7hSy4&dib_tag=se&keywords=mobile&qid=1762120180&sprefix=mobile%2Caps%2C236&sr=8-4,Redmi A5 Just Black (3GB RAM 64GB Storage) | Royale Design | Segment's Largest 17.47cm(6.88) and Smoothest 120Hz Display | 5200mAh Large Battery | Expandable Storage up to 2TB,Redmi,8999,6199,32,3.8,295,Redmi,Mediatek Dimensity 1100,1.8 GHz,Android 15,3 GB
https://www.amazon.in/Motorola-Forest-Green-64GB-Storage/dp/B0DSTLPR3C/ref=sr_1_8?crid=2K91KPZM8IIUC&dib=eyJ2IjoiMSJ9.auiEFqytY0iX-G7r0YCPUD0BpO1OeZUv0eODPkLv1ppVstxDtsX5g0c6HxsRmWG2_vFZWnIIzaZ8d9noiLXzctTABLeyoJVnrIYrxUhe2Ex_yZYk5Mc-BYyh33F-msXioWBUGlbPUhi03I0dOHugf1foKvYl0a0I3F2KlyqU0_vjzQPei_zIPzQodIY92kr9VfGCJHv8cOwGN0IQ83VHA9gknKpz8u_Zcl9VQwlGZT8.8NgYmkFK2chGJ9syaRRTUg27ZHTXZ4OvGowsSq7hSy4&dib_tag=se&keywords=mobile&qid=1762120180&sprefix=mobile%2Caps%2C236&sr=8-8,"Motorola G05 4G (Forest Green, 4+64)",Motorola,9999,7499,25,4.0,332,Motorola,Pentium 4,3.4 GHz,Android 14,4 GB
https://www.amazon.in/iPhone-16-128-GB-Control/dp/B0DGJH8RYG/ref=sr_1_28?crid=2K91KPZM8IIUC&dib=eyJ2IjoiMSJ9.Rptg0SxCDjzKg7qXbnsJhOK6LZfRyoembqi7qN8MGu3ly3DWYyBxa0H10Rdy_jXYuCHC2wKdamMpoFPz7zgZHNDTBouygHO6zCsVJbxCgqlE9Vfvh3WtATftfHrbY5EA8o1UiDZiOHOm83qDExCItpDEYs5prK8EHLRKNWYeHNBv9ugrBshYyyz4GFdAO1DSs0H8PEERxtKmt_YyaBuaFwqgXPC0ewbP47tkS6kqFL8.-Ia-NDcg0twO0Sv3ieX8HGCCZ5lPRZDptCGR62_tuPU&dib_tag=se&keywords=mobile&qid=1762120184&sprefix=mobile%2Caps%2C236&sr=8-28&xpid=2aTyjSZeW_aR8,"iPhone 16 128 GB: 5G Mobile Phone with Camera Control, A18 Chip and a Big Boost in Battery Life. Works with AirPods; Teal",Apple,79900,66900,16,4.5,1721,Apple,N/A,N/A,iOS,128 GB
https://www.amazon.in/realme-Smartphone-6-67-inch-ArmorShell-Protection/dp/B0F3VWLMLK/ref=sr_1_22?crid=2K91KPZM8IIUC&dib=eyJ2IjoiMSJ9.Rptg0SxCDjzKg7qXbnsJhOK6LZfRyoembqi7qN8MGu3ly3DWYyBxa0H10Rdy_jXYuCHC2wKdamMpoFPz7zgZHNDTBouygHO6zCsVJbxCgqlE9Vfvh3WtATftfHrbY5EA8o1UiDZiOHOm83qDExCItpDEYs5prK8EHLRKNWYeHNBv9ugrBshYyyz4GFdAO1DSs0H8PEERxtKmt_YyaBuaFwqgXPC0ewbP47tkS6kqFL8.-Ia-NDcg0twO0Sv3ieX8HGCCZ5lPRZDptCGR62_tuPU&dib_tag=se&keywords=mobile&qid=1762120184&sprefix=mobile%2Caps%2C236&sr=8-22&xpid=2aTyjSZeW_aR8,"realme 14x 5G Smartphone 8+128GB red, 6.67-inch Screen, 120Hz Display, 6000mAh Battery, 80MP, MediaTek Dimensity 6300, ArmorShell Protection, IP69",realme,17999,16919,6,4.2,1853,realme,Others,2.4 GHz,Android 14,8 GB
https://www.amazon.in/Xiaomi-Matcha-Green-256GB-Storage/dp/B0D81K17MT/ref=sr_1_17?crid=2K91KPZM8IIUC&dib=eyJ2IjoiMSJ9.Rptg0SxCDjzKg7qXbnsJhOK6LZfRyoembqi7qN8MGu3ly3DWYyBxa0H10Rdy_jXYuCHC2wKdamMpoFPz7zgZHNDTBouygHO6zCsVJbxCgqlE9Vfvh3WtATftfHrbY5EA8o1UiDZiOHOm83qDExCItpDEYs5prK8EHLRKNWYeHNBv9ugrBshYyyz4GFdAO1DSs0H8PEERxtKmt_YyaBuaFwqgXPC0ewbP47tkS6kqFL8.-Ia-NDcg0twO0Sv3ieX8HGCCZ5lPRZDptCGR62_tuPU&dib_tag=se&keywords=mobile&qid=1762120184&sprefix=mobile%2Caps%2C236&sr=8-17&xpid=2aTyjSZeW_aR8,XIAOMI 14 Civi Matcha Green (8GB RAM 256GB Storage) | 50 MP Leica Triple Camera| SD 8s Gen 3 | 1.5K Quad Curved AMOLED HyperOS,XIAOMI,54999,26400,52,4.1,1105,XIAOMI,Snapdragon,"2, 2.8, 3 GHz","Android 14, HyperOS",8 GB
https://www.amazon.in/Samsung-Sapphire-Storage-Gorilla-Upgrades/dp/B0FN7RN9TH/ref=sr_1_21?crid=2K91KPZM8IIUC&dib=eyJ2IjoiMSJ9.Rptg0SxCDjzKg7qXbnsJhOK6LZfRyoembqi7qN8MGu3ly3DWYyBxa0H10Rdy_jXYuCHC2wKdamMpoFPz7zgZHNDTBouygHO6zCsVJbxCgqlE9Vfvh3WtATftfHrbY5EA8o1UiDZiOHOm83qDExCItpDEYs5prK8EHLRKNWYeHNBv9ugrBshYyyz4GFdAO1DSs0H8PEERxtKmt_YyaBuaFwqgXPC0ewbP47tkS6kqFL8.-Ia-NDcg0twO0Sv3ieX8HGCCZ5lPRZDptCGR62_tuPU&dib_tag=se&keywords=mobile&qid=1762120184&sprefix=mobile%2Caps%2C236&sr=8-21&xpid=2aTyjSZeW_aR8,"Samsung Galaxy M17 5G (Sapphire Black, 4GB RAM, 128GB Storage)| 50MP OIS Triple Camera| Gorilla Glass Victus| IP54 Rating| 6 Gen of OS Upgrades| AI| Circle to Search| Gemini Live| Without Charger",Samsung,16499,14024,15,4.2,115,Samsung,Exynos 1330 S5E8535,2.4 GHz,Android 15.0,4 GB
https://www.amazon.in/Lava-Bold-N1-Pro-Titanium/dp/B0F1Z3QTM8/ref=sr_1_18?crid=2K91KPZM8IIUC&dib=eyJ2IjoiMSJ9.Rptg0SxCDjzKg7qXbnsJhOK6LZfRyoembqi7qN8MGu3ly3DWYyBxa0H10Rdy_jXYuCHC2wKdamMpoFPz7zgZHNDTBouygHO6zCsVJbxCgqlE9Vfvh3WtATftfHrbY5EA8o1UiDZiOHOm83qDExCItpDEYs5prK8EHLRKNWYeHNBv9ugrBshYyyz4GFdAO1DSs0H8PEERxtKmt_YyaBuaFwqgXPC0ewbP47tkS6kqFL8.-Ia-NDcg0twO0Sv3ieX8HGCCZ5lPRZDptCGR62_tuPU&dib_tag=se&keywords=mobile&qid=1762120184&sprefix=mobile%2Caps%2C236&sr=8-18&xpid=2aTyjSZeW_aR8,"Lava Bold N1 Pro (Titanium Gold, 4 GB RAM, 128 GB Storage)| Bigger 6.67"" HD+ IP54 Display | 120 Hz Refresh Rate | 50 MP AI Triple Rear Camera | 8 MP Front Camera| 5000 mAh Battery | Charger in Box",Lava,8339,6671,20,4.0,1100,Lava,Others,2.4 GHz,Android 14,4 GB
https://www.amazon.in/Samsung-Daybreak-Storage-Corning-Gorilla/dp/B0D7Z8FJZ9/ref=sr_1_27?crid=2K91KPZM8IIUC&dib=eyJ2IjoiMSJ9.Rptg0SxCDjzKg7qXbnsJhOK6LZfRyoembqi7qN8MGu3ly3DWYyBxa0H10Rdy_jXYuCHC2wKdamMpoFPz7zgZHNDTBouygHO6zCsVJbxCgqlE9Vfvh3WtATftfHrbY5EA8o1UiDZiOHOm83qDExCItpDEYs5prK8EHLRKNWYeHNBv9ugrBshYyyz4GFdAO1DSs0H8PEERxtKmt_YyaBuaFwqgXPC0ewbP47tkS6kqFL8.-Ia-NDcg0twO0Sv3ieX8HGCCZ5lPRZDptCGR62_tuPU&dib_tag=se&keywords=mobile&qid=1762120184&sprefix=mobile%2Caps%2C236&sr=8-27&xpid=2aTyjSZeW_aR8,"Samsung Galaxy M35 5G (DayBreak Blue,8GB RAM,128GB Storage)| Corning Gorilla Glass Victus+| AnTuTu Score 595K+| Vapour Cooling Chamber| 6000mAh Battery| 120Hz Super AMOLED Display| AI| Without Charger",Samsung,25999,18999,29,4.2,15354,Samsung,Exynos 1380 S5E8835,2.4 GHz,Android 14,8 GB
https://www.amazon.in/samsung-Galaxy-Awesome-Storage-Without/dp/B0CXMD9YX5/ref=sr_1_26?crid=2K91KPZM8IIUC&dib=eyJ2IjoiMSJ9.Rptg0SxCDjzKg7qXbnsJhOK6LZfRyoembqi7qN8MGu3ly3DWYyBxa0H10Rdy_jXYuCHC2wKdamMpoFPz7zgZHNDTBouygHO6zCsVJbxCgqlE9Vfvh3WtATftfHrbY5EA8o1UiDZiOHOm83qDExCItpDEYs5prK8EHLRKNWYeHNBv9ugrBshYyyz4GFdAO1DSs0H8PEERxtKmt_YyaBuaFwqgXPC0ewbP47tkS6kqFL8.-Ia-NDcg0twO0Sv3ieX8HGCCZ5lPRZDptCGR62_tuPU&dib_tag=se&keywords=mobile&qid=1762120184&sprefix=mobile%2Caps%2C236&sr=8-26&xpid=2aTyjSZeW_aR8,"Samsung Galaxy A35 5G (Awesome Navy, 8GB RAM, 128GB Storage) Without Offer",Samsung,33999,18860,42,4.2,332,Samsung,Others,2 GHz,Android 14,8 GB
https://www.amazon.in/POCO-Satin-Black-6GB-128GB/dp/B0F134C6R6/ref=sr_1_19?crid=2K91KPZM8IIUC&dib=eyJ2IjoiMSJ9.Rptg0SxCDjzKg7qXbnsJhOK6LZfRyoembqi7qN8MGu3ly3DWYyBxa0H10Rdy_jXYuCHC2wKdamMpoFPz7zgZHNDTBouygHO6zCsVJbxCgqlE9Vfvh3WtATftfHrbY5EA8o1UiDZiOHOm83qDExCItpDEYs5prK8EHLRKNWYeHNBv9ugrBshYyyz4GFdAO1DSs0H8PEERxtKmt_YyaBuaFwqgXPC0ewbP47tkS6kqFL8.-Ia-NDcg0twO0Sv3ieX8HGCCZ5lPRZDptCGR62_tuPU&dib_tag=se&keywords=mobile&qid=1762120184&sprefix=mobile%2Caps%2C236&sr=8-19&xpid=2aTyjSZeW_aR8,"POCO M7 5G, Satin Black (6GB, 128GB)",POCO,12999,8449,35,4.1,1584,POCO,A-Series Dual-Core A4-3420,2.2 GHz,Android 14,6 GB
https://www.amazon.in/Samsung-Awesome-Storage-Nightography-Corning/dp/B0CWPD9PTK/ref=sr_1_25?crid=2K91KPZM8IIUC&dib=eyJ2IjoiMSJ9.Rptg0SxCDjzKg7qXbnsJhOK6LZfRyoembqi7qN8MGu3ly3DWYyBxa0H10Rdy_jXYuCHC2wKdamMpoFPz7zgZHNDTBouygHO6zCsVJbxCgqlE9Vfvh3WtATftfHrbY5EA8o1UiDZiOHOm83qDExCItpDEYs5prK8EHLRKNWYeHNBv9ugrBshYyyz4GFdAO1DSs0H8PEERxtKmt_YyaBuaFwqgXPC0ewbP47tkS6kqFL8.-Ia-NDcg0twO0Sv3ieX8HGCCZ5lPRZDptCGR62_tuPU&dib_tag=se&keywords=mobile&qid=1762120184&sprefix=mobile%2Caps%2C236&sr=8-25&xpid=2aTyjSZeW_aR8,"Samsung Galaxy A55 5G (Awesome Navy, 12GB RAM, 256GB Storage) | AI | Metal Frame | 50 MP Main Camera (OIS) | Super HDR Video| Nightography | IP67 | Corning Gorilla Glass Victus+ | sAMOLED Display",Samsung,48999,29889,39,4.2,3734,Samsung,Others,2.75 GHz,Android 14,12 GB
https://www.amazon.in/Samsung-Phantom-Storage-Additional-Exchange/dp/B0B8S83RPT/ref=sr_1_32?crid=2K91KPZM8IIUC&dib=eyJ2IjoiMSJ9.Rptg0SxCDjzKg7qXbnsJhOK6LZfRyoembqi7qN8MGu3ly3DWYyBxa0H10Rdy_jXYuCHC2wKdamMpoFPz7zgZHNDTBouygHO6zCsVJbxCgqlE9Vfvh3WtATftfHrbY5EA8o1UiDZiOHOm83qDExCItpDEYs5prK8EHLRKNWYeHNBv9ugrBshYyyz4GFdAO1DSs0H8PEERxtKmt_YyaBuaFwqgXPC0ewbP47tkS6kqFL8.-Ia-NDcg0twO0Sv3ieX8HGCCZ5lPRZDptCGR62_tuPU&dib_tag=se&keywords=mobile&qid=1762120184&sprefix=mobile%2Caps%2C236&sr=8-32&xpid=2aTyjSZeW_aR8,"Samsung Galaxy Z Fold4 5G (Phantom Black, 12GB RAM, 256GB Storage) with No Cost EMI/Additional Exchange Offers",Samsung,177999,74760,58,2.9,201,Samsung,Snapdragon,3.18 GHz,Android 12.0,12 GB
https://www.amazon.in/Motorola-Fusion-Marshmallow-256GB-Storage/dp/B0D4JLSGBB/ref=sr_1_24?crid=2K91KPZM8IIUC&dib=eyJ2IjoiMSJ9.Rptg0SxCDjzKg7qXbnsJhOK6LZfRyoembqi7qN8MGu3ly3DWYyBxa0H10Rdy_jXYuCHC2wKdamMpoFPz7zgZHNDTBouygHO6zCsVJbxCgqlE9Vfvh3WtATftfHrbY5EA8o1UiDZiOHOm83qDExCItpDEYs5prK8EHLRKNWYeHNBv9ugrBshYyyz4GFdAO1DSs0H8PEERxtKmt_YyaBuaFwqgXPC0ewbP47tkS6kqFL8.-Ia-NDcg0twO0Sv3ieX8HGCCZ5lPRZDptCGR62_tuPU&dib_tag=se&keywords=mobile&qid=1762120184&sprefix=mobile%2Caps%2C236&sr=8-24&xpid=2aTyjSZeW_aR8,"Motorola Edge 50 Fusion 5G (Marshmallow Blue, 12GB RAM, 256GB Storage)",Motorola,27999,20606,23,4.2,1020,Motorola,Snapdragon,2.2 GHz,"Android, Android 5.1",12 GB
https://www.amazon.in/OnePlus-Nord-CE4-Lifetime-Warranty/dp/B0CX58MTNN/ref=sr_1_20?crid=2K91KPZM8IIUC&dib=eyJ2IjoiMSJ9.Rptg0SxCDjzKg7qXbnsJhOK6LZfRyoembqi7qN8MGu3ly3DWYyBxa0H10Rdy_jXYuCHC2wKdamMpoFPz7zgZHNDTBouygHO6zCsVJbxCgqlE9Vfvh3WtATftfHrbY5EA8o1UiDZiOHOm83qDExCItpDEYs5prK8EHLRKNWYeHNBv9ugrBshYyyz4GFdAO1DSs0H8PEERxtKmt_YyaBuaFwqgXPC0ewbP47tkS6kqFL8.-Ia-NDcg0twO0Sv3ieX8HGCCZ5lPRZDptCGR62_tuPU&dib_tag=se&keywords=mobile&qid=1762120184&sprefix=mobile%2Caps%2C236&sr=8-20&xpid=2aTyjSZeW_aR8,"OnePlus Nord CE4 (Celadon Marble, 8GB RAM, 128GB Storage) | Lifetime Display Warranty | Qualcomm® Snapdragon™ 7 Gen 3 - Best in The Segment | 50 MP Camera with OIS",OnePlus,24999,18999,24,4.3,11957,OnePlus,Snapdragon,N/A,OxygenOS,8 GB
https://www.amazon.in/Sparkle-Storage-SUPERVOOC-Additional-Exchange/dp/B0D9HMJ8DN/ref=sr_1_23?crid=2K91KPZM8IIUC&dib=eyJ2IjoiMSJ9.Rptg0SxCDjzKg7qXbnsJhOK6LZfRyoembqi7qN8MGu3ly3DWYyBxa0H10Rdy_jXYuCHC2wKdamMpoFPz7zgZHNDTBouygHO6zCsVJbxCgqlE9Vfvh3WtATftfHrbY5EA8o1UiDZiOHOm83qDExCItpDEYs5prK8EHLRKNWYeHNBv9ugrBshYyyz4GFdAO1DSs0H8PEERxtKmt_YyaBuaFwqgXPC0ewbP47tkS6kqFL8.-Ia-NDcg0twO0Sv3ieX8HGCCZ5lPRZDptCGR62_tuPU&dib_tag=se&keywords=mobile&qid=1762120184&sprefix=mobile%2Caps%2C236&sr=8-23&xpid=2aTyjSZeW_aR8,"OPPO A3X 5G (Sparkle Black, 4GB RAM, 64GB Storage)|6.67” HD+ 120Hz Refresh Rate Screen | 45W SUPERVOOC|with No Cost EMI/Additional Exchange Offers",OPPO,14999,9998,36,4.1,366,OPPO,A-Series,2.4 GHz,Android 14,4 GB
https://www.amazon.in/Samsung-Galaxy-Smartphone-Black-Storage/dp/B0CS69QQTG/ref=sr_1_30?crid=2K91KPZM8IIUC&dib=eyJ2IjoiMSJ9.Rptg0SxCDjzKg7qXbnsJhOK6LZfRyoembqi7qN8MGu3ly3DWYyBxa0H10Rdy_jXYuCHC2wKdamMpoFPz7zgZHNDTBouygHO6zCsVJbxCgqlE9Vfvh3WtATftfHrbY5EA8o1UiDZiOHOm83qDExCItpDEYs5prK8EHLRKNWYeHNBv9ugrBshYyyz4GFdAO1DSs0H8PEERxtKmt_YyaBuaFwqgXPC0ewbP47tkS6kqFL8.-Ia-NDcg0twO0Sv3ieX8HGCCZ5lPRZDptCGR62_tuPU&dib_tag=se&keywords=mobile&qid=1762120184&sprefix=mobile%2Caps%2C236&sr=8-30&xpid=2aTyjSZeW_aR8,"Samsung Galaxy S24 5G AI Smartphone (Onyx Black, 8GB, 256GB Storage)",Samsung,79999,51199,36,4.3,1397,Samsung,Snapdragon,3.2 GB,Android 14,8 GB
https://www.amazon.in/Samsung-Galaxy-Smartphone-128GB-Storage/dp/B0DHL85K81/ref=sr_1_31?crid=2K91KPZM8IIUC&dib=eyJ2IjoiMSJ9.Rptg0SxCDjzKg7qXbnsJhOK6LZfRyoembqi7qN8MGu3ly3DWYyBxa0H10Rdy_jXYuCHC2wKdamMpoFPz7zgZHNDTBouygHO6zCsVJbxCgqlE9Vfvh3WtATftfHrbY5EA8o1UiDZiOHOm83qDExCItpDEYs5prK8EHLRKNWYeHNBv9ugrBshYyyz4GFdAO1DSs0H8PEERxtKmt_YyaBuaFwqgXPC0ewbP47tkS6kqFL8.-Ia-NDcg0twO0Sv3ieX8HGCCZ5lPRZDptCGR62_tuPU&dib_tag=se&keywords=mobile&qid=1762120184&sprefix=mobile%2Caps%2C236&sr=8-31&xpid=2aTyjSZeW_aR8,"Samsung Galaxy S24 FE 5G AI Smartphone (Mint, 8GB RAM, 128GB Storage)",Samsung,59999,33949,42,4.4,608,Samsung,Snapdragon,3.1 GHz,Android 14,8 GB
https://www.amazon.in/Nothing-Phone-Grey-256GB-Storage/dp/B0DZTQ1XH1/ref=sr_1_29?crid=2K91KPZM8IIUC&dib=eyJ2IjoiMSJ9.Rptg0SxCDjzKg7qXbnsJhOK6LZfRyoembqi7qN8MGu3ly3DWYyBxa0H10Rdy_jXYuCHC2wKdamMpoFPz7zgZHNDTBouygHO6zCsVJbxCgqlE9Vfvh3WtATftfHrbY5EA8o1UiDZiOHOm83qDExCItpDEYs5prK8EHLRKNWYeHNBv9ugrBshYyyz4GFdAO1DSs0H8PEERxtKmt_YyaBuaFwqgXPC0ewbP47tkS6kqFL8.-Ia-NDcg0twO0Sv3ieX8HGCCZ5lPRZDptCGR62_tuPU&dib_tag=se&keywords=mobile&qid=1762120184&sprefix=mobile%2Caps%2C236&sr=8-29&xpid=2aTyjSZeW_aR8,"Nothing Phone (3a) Pro 5G (Grey, 12GB RAM + 256GB Storage)",Nothing,36999,31449,15,4.4,85,Nothing,Cortex A7,"1.8, 2.4, 2.5 GHz",Android 14,12 GB
https://www.amazon.in/iPhone-Air-TB-Thinnest-Promotion/dp/B0FQG1TPG9/ref=sr_1_40?crid=2K91KPZM8IIUC&dib=eyJ2IjoiMSJ9.WpVzWAjDhwK8tdZzxTyLPPXayoyMbRu-xkDbBUsX3oOuCQDm4ZmP3byAduEKVheh0tMfRvWHSH-8eBM9zXEOhTxYnLlCZzcy2IV7FGBTxKF-HUtTUVaQmzbg3kMMsg4JyonIjKVQUuWtl52ZYcIhFX9ld1xvtVRV3Tg1n41_lvM24WTYYQImPtcF26Ehtnbw1Z_3Ym111j3NZyrtJZN2404uesysgEr89XQ3mBHRIcU.ghr6jnYv1nRLbNoBfpuIIHPxWhqhvQS5FHQRaCQigzI&dib_tag=se&keywords=mobile&qid=1762120187&sprefix=mobile%2Caps%2C236&sr=8-40&xpid=2aTyjSZeW_aR8,"iPhone Air 1 TB: Thinnest iPhone Ever, 16.63 cm (6.5″) Display with Promotion up to 120Hz, Powerful A19 Pro Chip, Center Stage Front Camera, All-Day Battery Life; Sky Blue",Apple,159900,159900,0,3.2,21,Apple,N/A,0.1 GHz,iOS,0.1 GB
https://www.amazon.in/realme-Smartphone-6-67-inch-ArmorShell-Protection/dp/B0F3VWLMLK/ref=sr_1_45?crid=2K91KPZM8IIUC&dib=eyJ2IjoiMSJ9.WpVzWAjDhwK8tdZzxTyLPPXayoyMbRu-xkDbBUsX3oOuCQDm4ZmP3byAduEKVheh0tMfRvWHSH-8eBM9zXEOhTxYnLlCZzcy2IV7FGBTxKF-HUtTUVaQmzbg3kMMsg4JyonIjKVQUuWtl52ZYcIhFX9ld1xvtVRV3Tg1n41_lvM24WTYYQImPtcF26Ehtnbw1Z_3Ym111j3NZyrtJZN2404uesysgEr89XQ3mBHRIcU.ghr6jnYv1nRLbNoBfpuIIHPxWhqhvQS5FHQRaCQigzI&dib_tag=se&keywords=mobile&qid=1762120187&sprefix=mobile%2Caps%2C236&sr=8-45&xpid=2aTyjSZeW_aR8,"realme 14x 5G Smartphone 8+128GB red, 6.67-inch Screen, 120Hz Display, 6000mAh Battery, 80MP, MediaTek Dimensity 6300, ArmorShell Protection, IP69",realme,17999,16919,6,4.2,1853,realme,Others,2.4 GHz,Android 14,8 GB
https://www.amazon.in/Storage-Display-Ultra-Thin-Dimensity-Processor/dp/B0F4DJSLJL/ref=sr_1_46?crid=2K91KPZM8IIUC&dib=eyJ2IjoiMSJ9.WpVzWAjDhwK8tdZzxTyLPPXayoyMbRu-xkDbBUsX3oOuCQDm4ZmP3byAduEKVheh0tMfRvWHSH-8eBM9zXEOhTxYnLlCZzcy2IV7FGBTxKF-HUtTUVaQmzbg3kMMsg4JyonIjKVQUuWtl52ZYcIhFX9ld1xvtVRV3Tg1n41_lvM24WTYYQImPtcF26Ehtnbw1Z_3Ym111j3NZyrtJZN2404uesysgEr89XQ3mBHRIcU.ghr6jnYv1nRLbNoBfpuIIHPxWhqhvQS5FHQRaCQigzI&dib_tag=se&keywords=mobile&qid=1762120187&sprefix=mobile%2Caps%2C236&sr=8-46&xpid=2aTyjSZeW_aR8,"Acer Super ZX 5G (Cosmic Green, 6GB RAM, 128GB Storage) | 120 Hz FHD+ Display | 5000 mAh Ultra-Thin Battery | Dimensity 6300 5G Processor | Sony 64MP AI Camera",acer,19999,11999,40,3.4,860,acer,Others,"2.0, 2.4 GHz",Android 15,6 GB
https://www.amazon.in/Motorola-g45-Pantone-Moss-128/dp/B0FL21SZXQ/ref=sr_1_49?crid=2K91KPZM8IIUC&dib=eyJ2IjoiMSJ9.WpVzWAjDhwK8tdZzxTyLPPXayoyMbRu-xkDbBUsX3oOuCQDm4ZmP3byAduEKVheh0tMfRvWHSH-8eBM9zXEOhTxYnLlCZzcy2IV7FGBTxKF-HUtTUVaQmzbg3kMMsg4JyonIjKVQUuWtl52ZYcIhFX9ld1xvtVRV3Tg1n41_lvM24WTYYQImPtcF26Ehtnbw1Z_3Ym111j3NZyrtJZN2404uesysgEr89XQ3mBHRIcU.ghr6jnYv1nRLbNoBfpuIIHPxWhqhvQS5FHQRaCQigzI&dib_tag=se&keywords=mobile&qid=1762120187&sprefix=mobile%2Caps%2C236&sr=8-49&xpid=2aTyjSZeW_aR8,"Motorola g45 5G (Pantone Moss, 128 GB) (8 GB RAM)",Motorola,14999,12468,17,4.0,111,Motorola,Snapdragon,2.3 GHz,Android 14,8 GB
https://www.amazon.in/Tecno-Midnight-Segments-Processor-Fluency/dp/B0DGMDL1JZ/ref=sr_1_52?crid=2K91KPZM8IIUC&dib=eyJ2IjoiMSJ9.WpVzWAjDhwK8tdZzxTyLPPXayoyMbRu-xkDbBUsX3oOuCQDm4ZmP3byAduEKVheh0tMfRvWHSH-8eBM9zXEOhTxYnLlCZzcy2IV7FGBTxKF-HUtTUVaQmzbg3kMMsg4JyonIjKVQUuWtl52ZYcIhFX9ld1xvtVRV3Tg1n41_lvM24WTYYQImPtcF26Ehtnbw1Z_3Ym111j3NZyrtJZN2404uesysgEr89XQ3mBHRIcU.ghr6jnYv1nRLbNoBfpuIIHPxWhqhvQS5FHQRaCQigzI&dib_tag=se&keywords=mobile&qid=1762120187&sprefix=mobile%2Caps%2C236&sr=8-52&xpid=2aTyjSZeW_aR8,"Tecno POP 9 5G Midnight Shadow, 4GB+128GB| Segment's 1st 48MP Sony AI Camera| Segment's 1st with NFC |D6300 Processor |4+ Year Lag Free Fluency |5000 mAh Battery |Dual Speaker |Without Charger",Tecno,12999,8319,36,4.1,1350,Tecno,N/A,2.4 GHz,Android 14,8 GB
https://www.amazon.in/Lava-Bold-N1-Pro-Stealth/dp/B0F1Z259NF/ref=sr_1_38?crid=2K91KPZM8IIUC&dib=eyJ2IjoiMSJ9.WpVzWAjDhwK8tdZzxTyLPPXayoyMbRu-xkDbBUsX3oOuCQDm4ZmP3byAduEKVheh0tMfRvWHSH-8eBM9zXEOhTxYnLlCZzcy2IV7FGBTxKF-HUtTUVaQmzbg3kMMsg4JyonIjKVQUuWtl52ZYcIhFX9ld1xvtVRV3Tg1n41_lvM24WTYYQImPtcF26Ehtnbw1Z_3Ym111j3NZyrtJZN2404uesysgEr89XQ3mBHRIcU.ghr6jnYv1nRLbNoBfpuIIHPxWhqhvQS5FHQRaCQigzI&dib_tag=se&keywords=mobile&qid=1762120187&sprefix=mobile%2Caps%2C236&sr=8-38&xpid=2aTyjSZeW_aR8,"Lava Bold N1 Pro (Stealth Black, 4 GB RAM, 128 GB Storage)| Bigger 6.67"" HD+ IP54 Display | 120 Hz Refresh Rate | 50 MP AI Triple Rear Camera | 8 MP Front Camera| 5000 mAh Battery| Charger in Box",Lava,8399,6719,20,4.0,1100,Lava,Others,2.4 GHz,Android 14,4 GB
https://www.amazon.in/Samsung-Sapphire-Storage-Gorilla-Upgrades/dp/B0FN7WCV5Y/ref=sr_1_42?crid=2K91KPZM8IIUC&dib=eyJ2IjoiMSJ9.WpVzWAjDhwK8tdZzxTyLPPXayoyMbRu-xkDbBUsX3oOuCQDm4ZmP3byAduEKVheh0tMfRvWHSH-8eBM9zXEOhTxYnLlCZzcy2IV7FGBTxKF-HUtTUVaQmzbg3kMMsg4JyonIjKVQUuWtl52ZYcIhFX9ld1xvtVRV3Tg1n41_lvM24WTYYQImPtcF26Ehtnbw1Z_3Ym111j3NZyrtJZN2404uesysgEr89XQ3mBHRIcU.ghr6jnYv1nRLbNoBfpuIIHPxWhqhvQS5FHQRaCQigzI&dib_tag=se&keywords=mobile&qid=1762120187&sprefix=mobile%2Caps%2C236&sr=8-42&xpid=2aTyjSZeW_aR8,"Samsung Galaxy M17 5G (Sapphire Black, 6GB RAM, 128GB Storage)| 50MP OIS Triple Camera| Gorilla Glass Victus| IP54 Rating| 6 Gen of OS Upgrades| AI| Circle to Search| Gemini Live| Without Charger",Samsung,17999,15479,14,4.2,115,Samsung,Exynos 1330 S5E8535,2.4 GHz,Android 15.0,6 GB
https://www.amazon.in/Redmi-Midnight-Storage-Powerful-Processor/dp/B0D78VSVGS/ref=sr_1_41?crid=2K91KPZM8IIUC&dib=eyJ2IjoiMSJ9.WpVzWAjDhwK8tdZzxTyLPPXayoyMbRu-xkDbBUsX3oOuCQDm4ZmP3byAduEKVheh0tMfRvWHSH-8eBM9zXEOhTxYnLlCZzcy2IV7FGBTxKF-HUtTUVaQmzbg3kMMsg4JyonIjKVQUuWtl52ZYcIhFX9ld1xvtVRV3Tg1n41_lvM24WTYYQImPtcF26Ehtnbw1Z_3Ym111j3NZyrtJZN2404uesysgEr89XQ3mBHRIcU.ghr6jnYv1nRLbNoBfpuIIHPxWhqhvQS5FHQRaCQigzI&dib_tag=se&keywords=mobile&qid=1762120187&sprefix=mobile%2Caps%2C236&sr=8-41&xpid=2aTyjSZeW_aR8,Redmi A3X Midnight Black 4GB RAM 128GB ROM,Redmi,10999,6501,38,3.9,134,Redmi,Snapdragon,1.8 GHz,N/A,N/A
https://www.amazon.in/Samsung-Awesome-Storage-Nightography-Corning/dp/B0CWPDH74H/ref=sr_1_37?crid=2K91KPZM8IIUC&dib=eyJ2IjoiMSJ9.WpVzWAjDhwK8tdZzxTyLPPXayoyMbRu-xkDbBUsX3oOuCQDm4ZmP3byAduEKVheh0tMfRvWHSH-8eBM9zXEOhTxYnLlCZzcy2IV7FGBTxKF-HUtTUVaQmzbg3kMMsg4JyonIjKVQUuWtl52ZYcIhFX9ld1xvtVRV3Tg1n41_lvM24WTYYQImPtcF26Ehtnbw1Z_3Ym111j3NZyrtJZN2404uesysgEr89XQ3mBHRIcU.ghr6jnYv1nRLbNoBfpuIIHPxWhqhvQS5FHQRaCQigzI&dib_tag=se&keywords=mobile&qid=1762120187&sprefix=mobile%2Caps%2C236&sr=8-37&xpid=2aTyjSZeW_aR8,"Samsung Galaxy A55 5G (Awesome Navy, 8GB RAM, 128GB Storage) | AI | Metal Frame | 50 MP Main Camera (OIS) | Super HDR Video| Nightography | IP67 | Corning Gorilla Glass Victus+ | sAMOLED Display",Samsung,42999,24939,42,4.2,3734,Samsung,Others,2.75 GHz,Android 14,8 GB
https://www.amazon.in/samsung-Galaxy-Awesome-Storage-Without/dp/B0CXMD9YX5/ref=sr_1_35?crid=2K91KPZM8IIUC&dib=eyJ2IjoiMSJ9.WpVzWAjDhwK8tdZzxTyLPPXayoyMbRu-xkDbBUsX3oOuCQDm4ZmP3byAduEKVheh0tMfRvWHSH-8eBM9zXEOhTxYnLlCZzcy2IV7FGBTxKF-HUtTUVaQmzbg3kMMsg4JyonIjKVQUuWtl52ZYcIhFX9ld1xvtVRV3Tg1n41_lvM24WTYYQImPtcF26Ehtnbw1Z_3Ym111j3NZyrtJZN2404uesysgEr89XQ3mBHRIcU.ghr6jnYv1nRLbNoBfpuIIHPxWhqhvQS5FHQRaCQigzI&dib_tag=se&keywords=mobile&qid=1762120187&sprefix=mobile%2Caps%2C236&sr=8-35&xpid=2aTyjSZeW_aR8,"Samsung Galaxy A35 5G (Awesome Navy, 8GB RAM, 128GB Storage) Without Offer",Samsung,33999,18860,42,4.2,332,Samsung,Others,2 GHz,Android 14,8 GB
https://www.amazon.in/Samsung-Galaxy-Fold5-512GB-Storage/dp/B0CB68GRZP/ref=sr_1_39?crid=2K91KPZM8IIUC&dib=eyJ2IjoiMSJ9.WpVzWAjDhwK8tdZzxTyLPPXayoyMbRu-xkDbBUsX3oOuCQDm4ZmP3byAduEKVheh0tMfRvWHSH-8eBM9zXEOhTxYnLlCZzcy2IV7FGBTxKF-HUtTUVaQmzbg3kMMsg4JyonIjKVQUuWtl52ZYcIhFX9ld1xvtVRV3Tg1n41_lvM24WTYYQImPtcF26Ehtnbw1Z_3Ym111j3NZyrtJZN2404uesysgEr89XQ3mBHRIcU.ghr6jnYv1nRLbNoBfpuIIHPxWhqhvQS5FHQRaCQigzI&dib_tag=se&keywords=mobile&qid=1762120187&sprefix=mobile%2Caps%2C236&sr=8-39&xpid=2aTyjSZeW_aR8,"Samsung Galaxy Z Fold5 5G AI Smartphone (Ice Blue, 12GB RAM, 512GB Storage)",Samsung,169999,95199,44,4.0,394,Samsung,Snapdragon,3.36 GHz,Android 13.0,12 GB
https://www.amazon.in/Samsung-MediaTek-Dimensity-Charging-Upgrades/dp/B0DX6P3RX9/ref=sr_1_36?crid=2K91KPZM8IIUC&dib=eyJ2IjoiMSJ9.WpVzWAjDhwK8tdZzxTyLPPXayoyMbRu-xkDbBUsX3oOuCQDm4ZmP3byAduEKVheh0tMfRvWHSH-8eBM9zXEOhTxYnLlCZzcy2IV7FGBTxKF-HUtTUVaQmzbg3kMMsg4JyonIjKVQUuWtl52ZYcIhFX9ld1xvtVRV3Tg1n41_lvM24WTYYQImPtcF26Ehtnbw1Z_3Ym111j3NZyrtJZN2404uesysgEr89XQ3mBHRIcU.ghr6jnYv1nRLbNoBfpuIIHPxWhqhvQS5FHQRaCQigzI&dib_tag=se&keywords=mobile&qid=1762120187&sprefix=mobile%2Caps%2C236&sr=8-36&xpid=2aTyjSZeW_aR8,"Samsung Galaxy M06 5G (Sage Green, 4GB RAM, 128 GB Storage) | MediaTek Dimensity 6300 | AnTuTu Score 422K+ | 12 5G Bands| 25W Fast Charging | 4 Gen of OS Upgrades | Without Charger",Samsung,13999,9939,29,3.9,4394,Samsung,Others,2.4 GHz,Android 15.0,4 GB
https://www.amazon.in/Google-Pixel-Obsidian-256-RAM/dp/B0F6CY1S9Z/ref=sr_1_50?crid=2K91KPZM8IIUC&dib=eyJ2IjoiMSJ9.WpVzWAjDhwK8tdZzxTyLPPXayoyMbRu-xkDbBUsX3oOuCQDm4ZmP3byAduEKVheh0tMfRvWHSH-8eBM9zXEOhTxYnLlCZzcy2IV7FGBTxKF-HUtTUVaQmzbg3kMMsg4JyonIjKVQUuWtl52ZYcIhFX9ld1xvtVRV3Tg1n41_lvM24WTYYQImPtcF26Ehtnbw1Z_3Ym111j3NZyrtJZN2404uesysgEr89XQ3mBHRIcU.ghr6jnYv1nRLbNoBfpuIIHPxWhqhvQS5FHQRaCQigzI&dib_tag=se&keywords=mobile&qid=1762120187&sprefix=mobile%2Caps%2C236&sr=8-50&xpid=2aTyjSZeW_aR8,"Google Pixel 9A (Obsidian, 256 GB) (8 GB RAM)",Google,49999,44999,10,4.3,167,Google,Google Tensor G4,"2.6, 3.1 GHz",Android 15,8 GB
https://www.amazon.in/Motorola-Fusion-Marshmallow-256GB-Storage/dp/B0D4JLSGBB/ref=sr_1_51?crid=2K91KPZM8IIUC&dib=eyJ2IjoiMSJ9.WpVzWAjDhwK8tdZzxTyLPPXayoyMbRu-xkDbBUsX3oOuCQDm4ZmP3byAduEKVheh0tMfRvWHSH-8eBM9zXEOhTxYnLlCZzcy2IV7FGBTxKF-HUtTUVaQmzbg3kMMsg4JyonIjKVQUuWtl52ZYcIhFX9ld1xvtVRV3Tg1n41_lvM24WTYYQImPtcF26Ehtnbw1Z_3Ym111j3NZyrtJZN2404uesysgEr89XQ3mBHRIcU.ghr6jnYv1nRLbNoBfpuIIHPxWhqhvQS5FHQRaCQigzI&dib_tag=se&keywords=mobile&qid=1762120187&sprefix=mobile%2Caps%2C236&sr=8-51&xpid=2aTyjSZeW_aR8,"Motorola Edge 50 Fusion 5G (Marshmallow Blue, 12GB RAM, 256GB Storage)",Motorola,27999,20606,23,4.2,1020,Motorola,Snapdragon,2.2 GHz,"Android, Android 5.1",12 GB
https://www.amazon.in/Samsung-Galaxy-Bahama-Blue-128GB/dp/B0DYKC512N/ref=sr_1_47?crid=2K91KPZM8IIUC&dib=eyJ2IjoiMSJ9.WpVzWAjDhwK8tdZzxTyLPPXayoyMbRu-xkDbBUsX3oOuCQDm4ZmP3byAduEKVheh0tMfRvWHSH-8eBM9zXEOhTxYnLlCZzcy2IV7FGBTxKF-HUtTUVaQmzbg3kMMsg4JyonIjKVQUuWtl52ZYcIhFX9ld1xvtVRV3Tg1n41_lvM24WTYYQImPtcF26Ehtnbw1Z_3Ym111j3NZyrtJZN2404uesysgEr89XQ3mBHRIcU.ghr6jnYv1nRLbNoBfpuIIHPxWhqhvQS5FHQRaCQigzI&dib_tag=se&keywords=mobile&qid=1762120187&sprefix=mobile%2Caps%2C236&sr=8-47&xpid=2aTyjSZeW_aR8,"Samsung Galaxy F06 5G (Bahama Blue, 128 GB) (6 GB RAM)",Samsung,15499,9999,35,4.2,50,Samsung,Others,2.4 GHz,Android 15,6 GB
https://www.amazon.in/Samsung-Galaxy-Smartphone-Black-Storage/dp/B0CS69QQTG/ref=sr_1_48?crid=2K91KPZM8IIUC&dib=eyJ2IjoiMSJ9.WpVzWAjDhwK8tdZzxTyLPPXayoyMbRu-xkDbBUsX3oOuCQDm4ZmP3byAduEKVheh0tMfRvWHSH-8eBM9zXEOhTxYnLlCZzcy2IV7FGBTxKF-HUtTUVaQmzbg3kMMsg4JyonIjKVQUuWtl52ZYcIhFX9ld1xvtVRV3Tg1n41_lvM24WTYYQImPtcF26Ehtnbw1Z_3Ym111j3NZyrtJZN2404uesysgEr89XQ3mBHRIcU.ghr6jnYv1nRLbNoBfpuIIHPxWhqhvQS5FHQRaCQigzI&dib_tag=se&keywords=mobile&qid=1762120187&sprefix=mobile%2Caps%2C236&sr=8-48&xpid=2aTyjSZeW_aR8,"Samsung Galaxy S24 5G AI Smartphone (Onyx Black, 8GB, 256GB Storage)",Samsung,79999,51199,36,4.3,1397,Samsung,Snapdragon,3.2 GB,Android 14,8 GB
https://www.amazon.in/Motorola-A300-Replacement-Payments-Recording/dp/B0FH53H4R1/ref=sr_1_64?crid=2K91KPZM8IIUC&dib=eyJ2IjoiMSJ9.In-TZ8zFn3yV_MmwghrfDSSH05cusAlsg1FlXl4PoZmPvTd_82LdoLGne1DbPhY-pz-EIY8b0CYt3OAMERyQL8Vn_GRu1ldRrkcVp6V2R6VDEkffsiKcbH6n-ES435fPD_27EkQdmdIOTYSgcG-vXVUUIUINqd9VXrPH8nr_jSz9zCbN42-tkdi9hBSaRqHAHnZQ2cNq1IOMbNYN-nV-5t5JWHmQqHQ1247KrXkrqJs.3qbPD_r_bk5mYfQwLLcz0tpVbefRZxHiJ5US-DrVF7M&dib_tag=se&keywords=mobile&qid=1762120190&sprefix=mobile%2Caps%2C236&sr=8-64&xpid=2aTyjSZeW_aR8,Motorola All-New A300 Dual Sim keypad Phone | 2 Years Replacement | Long Lasting Battery | Built-in UPI Payments App | Wireless FM | Auto Call Recording (Teal),Motorola,1699,1209,26,3.4,14,Motorola,A Series,N/A,RTOS,4 MB
https://www.amazon.in/Motorola-G05-Plum-64GB-Storage/dp/B0DSTM3NYN/ref=sr_1_67?crid=2K91KPZM8IIUC&dib=eyJ2IjoiMSJ9.In-TZ8zFn3yV_MmwghrfDSSH05cusAlsg1FlXl4PoZmPvTd_82LdoLGne1DbPhY-pz-EIY8b0CYt3OAMERyQL8Vn_GRu1ldRrkcVp6V2R6VDEkffsiKcbH6n-ES435fPD_27EkQdmdIOTYSgcG-vXVUUIUINqd9VXrPH8nr_jSz9zCbN42-tkdi9hBSaRqHAHnZQ2cNq1IOMbNYN-nV-5t5JWHmQqHQ1247KrXkrqJs.3qbPD_r_bk5mYfQwLLcz0tpVbefRZxHiJ5US-DrVF7M&dib_tag=se&keywords=mobile&qid=1762120190&sprefix=mobile%2Caps%2C236&sr=8-67&xpid=2aTyjSZeW_aR8,"Motorola G05 4G (Plum Red, 4GB RAM, 64GB Storage)",Motorola,9999,7799,22,4.1,198,Motorola,Pentium 4,3.4 GHz,Android 14,4 GB
https://www.amazon.in/Redmi-Note-14-5G-Dimensity/dp/B0DPFSJV2Z/ref=sr_1_56?crid=2K91KPZM8IIUC&dib=eyJ2IjoiMSJ9.In-TZ8zFn3yV_MmwghrfDSSH05cusAlsg1FlXl4PoZmPvTd_82LdoLGne1DbPhY-pz-EIY8b0CYt3OAMERyQL8Vn_GRu1ldRrkcVp6V2R6VDEkffsiKcbH6n-ES435fPD_27EkQdmdIOTYSgcG-vXVUUIUINqd9VXrPH8nr_jSz9zCbN42-tkdi9hBSaRqHAHnZQ2cNq1IOMbNYN-nV-5t5JWHmQqHQ1247KrXkrqJs.3qbPD_r_bk5mYfQwLLcz0tpVbefRZxHiJ5US-DrVF7M&dib_tag=se&keywords=mobile&qid=1762120190&sprefix=mobile%2Caps%2C236&sr=8-56&xpid=2aTyjSZeW_aR8,"Redmi Note 14 5G (Mystique White, 8GB RAM 256GB Storage) | Global Debut MTK Dimensity 7025 Ultra | 2100 nits Segment Brightest 120Hz AMOLED | 50MP Sony LYT 600 OIS+EIS Triple Camera",Redmi,24999,18499,26,3.9,2210,Redmi,Others,2.5 GHz,Android 14,8 GB
https://www.amazon.in/Nokia-150-Premium-Lasting-Wireless/dp/B0CBKMGD4F/ref=sr_1_66?crid=2K91KPZM8IIUC&dib=eyJ2IjoiMSJ9.In-TZ8zFn3yV_MmwghrfDSSH05cusAlsg1FlXl4PoZmPvTd_82LdoLGne1DbPhY-pz-EIY8b0CYt3OAMERyQL8Vn_GRu1ldRrkcVp6V2R6VDEkffsiKcbH6n-ES435fPD_27EkQdmdIOTYSgcG-vXVUUIUINqd9VXrPH8nr_jSz9zCbN42-tkdi9hBSaRqHAHnZQ2cNq1IOMbNYN-nV-5t5JWHmQqHQ1247KrXkrqJs.3qbPD_r_bk5mYfQwLLcz0tpVbefRZxHiJ5US-DrVF7M&dib_tag=se&keywords=mobile&qid=1762120190&sprefix=mobile%2Caps%2C236&sr=8-66&xpid=2aTyjSZeW_aR8,"Nokia 150 Dual SIM Premium Keypad Phone | Rear Camera, Long Lasting Battery Life, Wireless FM Radio & MP3 Player and All-New Modern Premium Design | Black",Nokia,3199,2591,19,4.0,2991,Nokia,Snapdragon,1.2 MHz,Nokia Series 30+,4 MB
https://www.amazon.in/Display-Assistant-Battery-Charger-Bluetooth/dp/B0FGHVVX64/ref=sr_1_63?crid=2K91KPZM8IIUC&dib=eyJ2IjoiMSJ9.In-TZ8zFn3yV_MmwghrfDSSH05cusAlsg1FlXl4PoZmPvTd_82LdoLGne1DbPhY-pz-EIY8b0CYt3OAMERyQL8Vn_GRu1ldRrkcVp6V2R6VDEkffsiKcbH6n-ES435fPD_27EkQdmdIOTYSgcG-vXVUUIUINqd9VXrPH8nr_jSz9zCbN42-tkdi9hBSaRqHAHnZQ2cNq1IOMbNYN-nV-5t5JWHmQqHQ1247KrXkrqJs.3qbPD_r_bk5mYfQwLLcz0tpVbefRZxHiJ5US-DrVF7M&dib_tag=se&keywords=mobile&qid=1762120190&sprefix=mobile%2Caps%2C236&sr=8-63&xpid=2aTyjSZeW_aR8,"itel Super Guru 4G Max | Dual 4G | Max 3"" Display | Smart AI Voice Assistant | 2000 mAh Battery | Type-C Charger | Cloud App Support | Bluetooth | Blue",Itel,2999,2399,20,3.7,134,Itel,N/A,N/A,RTOS,64 MB
https://www.amazon.in/realme-Smartphone-Dimensity-Waterproof-Fingerprint/dp/B0FHWKYR2P/ref=sr_1_54?crid=2K91KPZM8IIUC&dib=eyJ2IjoiMSJ9.In-TZ8zFn3yV_MmwghrfDSSH05cusAlsg1FlXl4PoZmPvTd_82LdoLGne1DbPhY-pz-EIY8b0CYt3OAMERyQL8Vn_GRu1ldRrkcVp6V2R6VDEkffsiKcbH6n-ES435fPD_27EkQdmdIOTYSgcG-vXVUUIUINqd9VXrPH8nr_jSz9zCbN42-tkdi9hBSaRqHAHnZQ2cNq1IOMbNYN-nV-5t5JWHmQqHQ1247KrXkrqJs.3qbPD_r_bk5mYfQwLLcz0tpVbefRZxHiJ5US-DrVF7M&dib_tag=se&keywords=mobile&qid=1762120190&sprefix=mobile%2Caps%2C236&sr=8-54&xpid=2aTyjSZeW_aR8,realme 14X 5G Smartphone Dimensity 6300 6nm Chip 8GB RAM 128GB ROM 6.67 Inch HD+ IP69 Waterproof 6000mAh Battery 45W Fast Charge Support Fingerprint GPS WiFi Bluetooth Gold,realme,17999,14939,17,4.1,31,realme,N/A,N/A,Android 14,8 GB
https://www.amazon.in/Lava-A2-Smart-Keypad-Mobile/dp/B0FH9XNKFM/ref=sr_1_68?crid=2K91KPZM8IIUC&dib=eyJ2IjoiMSJ9.In-TZ8zFn3yV_MmwghrfDSSH05cusAlsg1FlXl4PoZmPvTd_82LdoLGne1DbPhY-pz-EIY8b0CYt3OAMERyQL8Vn_GRu1ldRrkcVp6V2R6VDEkffsiKcbH6n-ES435fPD_27EkQdmdIOTYSgcG-vXVUUIUINqd9VXrPH8nr_jSz9zCbN42-tkdi9hBSaRqHAHnZQ2cNq1IOMbNYN-nV-5t5JWHmQqHQ1247KrXkrqJs.3qbPD_r_bk5mYfQwLLcz0tpVbefRZxHiJ5US-DrVF7M&dib_tag=se&keywords=mobile&qid=1762120190&sprefix=mobile%2Caps%2C236&sr=8-68&xpid=2aTyjSZeW_aR8,Lava A2 Smart (2025) Dual SIM Keypad Mobile Phone - 2.4'' Big Display | Built-in UPI Payments | 1200mAh Battery | Bluetooth Feature | Camera | Auto Call Recording | and 9 Regional Languages - Blue,Lava,1549,1131,27,3.4,143,Lava,N/A,N/A,RTOS,N/A
https://www.amazon.in/Samsung-Galaxy-Smartphone-Titanium-Storage/dp/B0CS5XW6TN/ref=sr_1_52?crid=2K91KPZM8IIUC&dib=eyJ2IjoiMSJ9.In-TZ8zFn3yV_MmwghrfDSSH05cusAlsg1FlXl4PoZmPvTd_82LdoLGne1DbPhY-pz-EIY8b0CYt3OAMERyQL8Vn_GRu1ldRrkcVp6V2R6VDEkffsiKcbH6n-ES435fPD_27EkQdmdIOTYSgcG-vXVUUIUINqd9VXrPH8nr_jSz9zCbN42-tkdi9hBSaRqHAHnZQ2cNq1IOMbNYN-nV-5t5JWHmQqHQ1247KrXkrqJs.3qbPD_r_bk5mYfQwLLcz0tpVbefRZxHiJ5US-DrVF7M&dib_tag=se&keywords=mobile&qid=1762120190&sprefix=mobile%2Caps%2C236&sr=8-52&xpid=2aTyjSZeW_aR8,"Samsung Galaxy S24 Ultra 5G AI Smartphone with Galaxy AI (Titanium Gray, 12GB, 256GB Storage), Snapdragon 8 Gen 3, 200 MP Camera with ProVisual Engine and 5000mAh Battery",Samsung,134999,85049,37,4.5,2746,Samsung,Snapdragon 8 Gen3,3.39 GHz,Android 14,12 GB
https://www.amazon.in/OPPO-Feather-SUPERVOOC-Additional-Exchange/dp/B0F4KN3CDN/ref=sr_1_65?crid=2K91KPZM8IIUC&dib=eyJ2IjoiMSJ9.In-TZ8zFn3yV_MmwghrfDSSH05cusAlsg1FlXl4PoZmPvTd_82LdoLGne1DbPhY-pz-EIY8b0CYt3OAMERyQL8Vn_GRu1ldRrkcVp6V2R6VDEkffsiKcbH6n-ES435fPD_27EkQdmdIOTYSgcG-vXVUUIUINqd9VXrPH8nr_jSz9zCbN42-tkdi9hBSaRqHAHnZQ2cNq1IOMbNYN-nV-5t5JWHmQqHQ1247KrXkrqJs.3qbPD_r_bk5mYfQwLLcz0tpVbefRZxHiJ5US-DrVF7M&dib_tag=se&keywords=mobile&qid=1762120190&sprefix=mobile%2Caps%2C236&sr=8-65&xpid=2aTyjSZeW_aR8,"OPPO A5 Pro 5G (Feather Blue, 8GB RAM, 256GB Storage)|6.67” HD+ 120Hz Refresh Rate Screen | 45W SUPERVOOC|with No Cost EMI/Additional Exchange Offers.",OPPO,23999,19919,17,3.8,168,OPPO,Others,"2.0, 2.4 GHz",Android 14,8 GB
https://www.amazon.in/Motorola-Midnight-Storage-Powerful-Performance/dp/B0DPW21322/ref=sr_1_58?crid=2K91KPZM8IIUC&dib=eyJ2IjoiMSJ9.In-TZ8zFn3yV_MmwghrfDSSH05cusAlsg1FlXl4PoZmPvTd_82LdoLGne1DbPhY-pz-EIY8b0CYt3OAMERyQL8Vn_GRu1ldRrkcVp6V2R6VDEkffsiKcbH6n-ES435fPD_27EkQdmdIOTYSgcG-vXVUUIUINqd9VXrPH8nr_jSz9zCbN42-tkdi9hBSaRqHAHnZQ2cNq1IOMbNYN-nV-5t5JWHmQqHQ1247KrXkrqJs.3qbPD_r_bk5mYfQwLLcz0tpVbefRZxHiJ5US-DrVF7M&dib_tag=se&keywords=mobile&qid=1762120190&sprefix=mobile%2Caps%2C236&sr=8-58&xpid=2aTyjSZeW_aR8,"Motorola G35 5G (Midnight Black, 4+128)",Motorola,12499,10326,17,4.0,283,Motorola,Others,2.2 GHz,Android 14,4 GB
https://www.amazon.in/Samsung-Sapphire-Storage-Gorilla-Upgrades/dp/B0FN7RN9TH/ref=sr_1_61?crid=2K91KPZM8IIUC&dib=eyJ2IjoiMSJ9.In-TZ8zFn3yV_MmwghrfDSSH05cusAlsg1FlXl4PoZmPvTd_82LdoLGne1DbPhY-pz-EIY8b0CYt3OAMERyQL8Vn_GRu1ldRrkcVp6V2R6VDEkffsiKcbH6n-ES435fPD_27EkQdmdIOTYSgcG-vXVUUIUINqd9VXrPH8nr_jSz9zCbN42-tkdi9hBSaRqHAHnZQ2cNq1IOMbNYN-nV-5t5JWHmQqHQ1247KrXkrqJs.3qbPD_r_bk5mYfQwLLcz0tpVbefRZxHiJ5US-DrVF7M&dib_tag=se&keywords=mobile&qid=1762120190&sprefix=mobile%2Caps%2C236&sr=8-61&xpid=2aTyjSZeW_aR8,"Samsung Galaxy M17 5G (Sapphire Black, 4GB RAM, 128GB Storage)| 50MP OIS Triple Camera| Gorilla Glass Victus| IP54 Rating| 6 Gen of OS Upgrades| AI| Circle to Search| Gemini Live| Without Charger",Samsung,16499,14024,15,4.2,115,Samsung,Exynos 1330 S5E8535,2.4 GHz,Android 15.0,4 GB
https://www.amazon.in/Samsung-Smartphone-JetBlack-Powerful-Snapdragon/dp/B0FDL3MWL1/ref=sr_1_57?crid=2K91KPZM8IIUC&dib=eyJ2IjoiMSJ9.In-TZ8zFn3yV_MmwghrfDSSH05cusAlsg1FlXl4PoZmPvTd_82LdoLGne1DbPhY-pz-EIY8b0CYt3OAMERyQL8Vn_GRu1ldRrkcVp6V2R6VDEkffsiKcbH6n-ES435fPD_27EkQdmdIOTYSgcG-vXVUUIUINqd9VXrPH8nr_jSz9zCbN42-tkdi9hBSaRqHAHnZQ2cNq1IOMbNYN-nV-5t5JWHmQqHQ1247KrXkrqJs.3qbPD_r_bk5mYfQwLLcz0tpVbefRZxHiJ5US-DrVF7M&dib_tag=se&keywords=mobile&qid=1762120190&sprefix=mobile%2Caps%2C236&sr=8-57&xpid=2aTyjSZeW_aR8,"Samsung Galaxy Z Fold7 5G Smartphone with Galaxy AI (JetBlack, 12GB RAM, 512GB Storage), Ultra Sleek Design with 200MP Camera, Powerful Snapdragon 8 Elite, Google Gemini",Samsung,12999,109999,-746,4.3,39,Samsung,Snapdragon 8 Elite,4.47 GHz,Android 16.0,12 GB
https://www.amazon.in/Redmi-Starlight-Storage-Superfast-Snapdragon/dp/B0DQV9T66N/ref=sr_1_62?crid=2K91KPZM8IIUC&dib=eyJ2IjoiMSJ9.In-TZ8zFn3yV_MmwghrfDSSH05cusAlsg1FlXl4PoZmPvTd_82LdoLGne1DbPhY-pz-EIY8b0CYt3OAMERyQL8Vn_GRu1ldRrkcVp6V2R6VDEkffsiKcbH6n-ES435fPD_27EkQdmdIOTYSgcG-vXVUUIUINqd9VXrPH8nr_jSz9zCbN42-tkdi9hBSaRqHAHnZQ2cNq1IOMbNYN-nV-5t5JWHmQqHQ1247KrXkrqJs.3qbPD_r_bk5mYfQwLLcz0tpVbefRZxHiJ5US-DrVF7M&dib_tag=se&keywords=mobile&qid=1762120190&sprefix=mobile%2Caps%2C236&sr=8-62&xpid=2aTyjSZeW_aR8,"Redmi 14C 5G (Starlight Blue, 6GB RAM, 128GB Storage) | Superfast 4nm Snapdragon 4 Gen 2 | 120Hz 17.47cm (6.88”) Display | 5160mAh Battery | 50MP Dual Camera | Premium Starlight Design",Redmi,14999,10499,30,4.1,2271,Redmi,Snapdragon,1.95 GHz,Android 14,6 GB
https://www.amazon.in/Motorola-Brilliant-Snapdragon-Processor-Charging/dp/B0DDYBQWLW/ref=sr_1_55?crid=2K91KPZM8IIUC&dib=eyJ2IjoiMSJ9.In-TZ8zFn3yV_MmwghrfDSSH05cusAlsg1FlXl4PoZmPvTd_82LdoLGne1DbPhY-pz-EIY8b0CYt3OAMERyQL8Vn_GRu1ldRrkcVp6V2R6VDEkffsiKcbH6n-ES435fPD_27EkQdmdIOTYSgcG-vXVUUIUINqd9VXrPH8nr_jSz9zCbN42-tkdi9hBSaRqHAHnZQ2cNq1IOMbNYN-nV-5t5JWHmQqHQ1247KrXkrqJs.3qbPD_r_bk5mYfQwLLcz0tpVbefRZxHiJ5US-DrVF7M&dib_tag=se&keywords=mobile&qid=1762120190&sprefix=mobile%2Caps%2C236&sr=8-55&xpid=2aTyjSZeW_aR8,"Motorola G45 5G (Brilliant Green, 8GB RAM, 128GB Storage) | 6.5"" FHD+ Display | Snapdragon 6 Gen1 Processor | 50MP Camera | 16MP Front Camera | 5000mAh Battery | 33W Charging",Motorola,14999,12650,16,4.0,1324,Motorola,Others,2.3 GHz,Android 14,8 GB
https://www.amazon.in/Motorola-G96-Pastures-128GB-Storage/dp/B0FHGD4VNY/ref=sr_1_53?crid=2K91KPZM8IIUC&dib=eyJ2IjoiMSJ9.In-TZ8zFn3yV_MmwghrfDSSH05cusAlsg1FlXl4PoZmPvTd_82LdoLGne1DbPhY-pz-EIY8b0CYt3OAMERyQL8Vn_GRu1ldRrkcVp6V2R6VDEkffsiKcbH6n-ES435fPD_27EkQdmdIOTYSgcG-vXVUUIUINqd9VXrPH8nr_jSz9zCbN42-tkdi9hBSaRqHAHnZQ2cNq1IOMbNYN-nV-5t5JWHmQqHQ1247KrXkrqJs.3qbPD_r_bk5mYfQwLLcz0tpVbefRZxHiJ5US-DrVF7M&dib_tag=se&keywords=mobile&qid=1762120190&sprefix=mobile%2Caps%2C236&sr=8-53&xpid=2aTyjSZeW_aR8,"Motorola G96 (Pastures, 8GB RAM, 128GB Storage)",Motorola,20999,17445,19,4.4,56,Motorola,A Series A8,0.01 GHz,Android 14,128 GB
https://www.amazon.in/Samsung-Awesome-Storage-Premium-Nightography/dp/B0CWPD4QWK/ref=sr_1_51?crid=2K91KPZM8IIUC&dib=eyJ2IjoiMSJ9.In-TZ8zFn3yV_MmwghrfDSSH05cusAlsg1FlXl4PoZmPvTd_82LdoLGne1DbPhY-pz-EIY8b0CYt3OAMERyQL8Vn_GRu1ldRrkcVp6V2R6VDEkffsiKcbH6n-ES435fPD_27EkQdmdIOTYSgcG-vXVUUIUINqd9VXrPH8nr_jSz9zCbN42-tkdi9hBSaRqHAHnZQ2cNq1IOMbNYN-nV-5t5JWHmQqHQ1247KrXkrqJs.3qbPD_r_bk5mYfQwLLcz0tpVbefRZxHiJ5US-DrVF7M&dib_tag=se&keywords=mobile&qid=1762120190&sprefix=mobile%2Caps%2C236&sr=8-51&xpid=2aTyjSZeW_aR8,"Samsung Galaxy A35 5G (Awesome Lilac, 8GB RAM, 128GB Storage) | Premium Glass Back | 50 MP Main Camera (OIS) | Nightography | IP67 | Corning Gorilla Glass Victus+ | sAMOLED with Vision Booster",Samsung,33999,18860,45,4.1,355,Samsung,Others,2 GHz,Android 14,8 GB
