URL,Title,Brand,MRP,Current Price,Discount %,Rating,Reviews,Care instructions,Closure type,Country of Origin,Length,Material type,Occasion type,Style
https://www.amazon.in/LOUIS-SENSE-Loose-Pants-TROUSER-04_MUSTRAD/dp/B0F43SNL3X/ref=sr_1_5?crid=2K91KPZM8IIUC&dib=eyJ2IjoiMSJ9.AFZYl56m8rLgcZ8Wy8rh-j286EJvUDnReCwWMNLmlWKze0Qy1oIey8LoNfUHr-50WRlf4UNRJmr0QSSvAJ4YZeHeZ4mIJjOqi8cqUOILIgN_wAuyzrjPo8WitivdSQWMpLEwzG2i6q1nWA38DFOGcVWKSYR-Ip2jlgNAAGuh6Cc4omT5ygYyOxTKM9m-RN3NxERZeAKEtIQeZ1X5cE54IFw20z3OOps-AbSNq9_0GbYpQJpUnUvqQgqahdd0pTdwi727SWJFm2MTt7UIxnpD59vzNgSmM4E11wfcnpp3QcU.GpfnHqjkLsUGs6lmmWbpElgVeluq8e-BLvJvHpPIFfQ&dib_tag=se&keywords=pants&qid=1758558967&sprefix=pants%2Caps%2C236&sr=8-5,LOUIS SENSE Men's Loose Pants,LOUIS SENSE,2999,379,87,3.7,169,Machine Wash,Drawstring,India,Full length,Cotton,Any occasion,Modern
https://www.amazon.in/GRECIILOOKS-Tailored-Trousers-Women-Black/dp/B0CXSV2VTS/ref=sr_1_55?crid=2K91KPZM8IIUC&dib=eyJ2IjoiMSJ9.AFZYl56m8rLgcZ8Wy8rh-j286EJvUDnReCwWMNLmlWKze0Qy1oIey8LoNfUHr-50WRlf4UNRJmr0QSSvAJ4YZeHeZ4mIJjOqi8cqUOILIgN_wAuyzrjPo8WitivdSQWMpLEwzG2i6q1nWA38DFOGcVWKSYR-Ip2jlgNAAGuh6Cc4omT5ygYyOxTKM9m-RN3NxERZeAKEtIQeZ1X5cE54IFw20z3OOps-AbSNq9_0GbYpQJpUnUvqQgqahdd0pTdwi727SWJFm2MTt7UIxnpD59vzNgSmM4E11wfcnpp3QcU.GpfnHqjkLsUGs6lmmWbpElgVeluq8e-BLvJvHpPIFfQ&dib_tag=se&keywords=pants&qid=1758558967&sprefix=pants%2Caps%2C236&sr=8-55,"GRECIILOOKS Women High Rise High Waist Trousers Flared Korean Style Formal Pants| Elegant Workwear for Office, College & Events (Combo Pack of 2)",GRECIILOOKS,2299,399,83,3.8,2430,Machine Wash,Button And Zip,India,Standard Length,POLY LYCRA,"Christmas, New Year, Bachelor Party, Anniversary, Birthday",Single Pack
https://www.amazon.in/Anshul-Garments-Trousers-Comfortable-Standard/dp/B0DKTRQGZ8/ref=sr_1_56?crid=2K91KPZM8IIUC&dib=eyJ2IjoiMSJ9.AFZYl56m8rLgcZ8Wy8rh-j286EJvUDnReCwWMNLmlWKze0Qy1oIey8LoNfUHr-50WRlf4UNRJmr0QSSvAJ4YZeHeZ4mIJjOqi8cqUOILIgN_wAuyzrjPo8WitivdSQWMpLEwzG2i6q1nWA38DFOGcVWKSYR-Ip2jlgNAAGuh6Cc4omT5ygYyOxTKM9m-RN3NxERZeAKEtIQeZ1X5cE54IFw20z3OOps-AbSNq9_0GbYpQJpUnUvqQgqahdd0pTdwi727SWJFm2MTt7UIxnpD59vzNgSmM4E11wfcnpp3QcU.GpfnHqjkLsUGs6lmmWbpElgVeluq8e-BLvJvHpPIFfQ&dib_tag=se&keywords=pants&qid=1758558967&sprefix=pants%2Caps%2C236&sr=8-56,Anshul Garments Men's Slim Fit Lycra Blend Trousers | Stylish Office Pants | Regular Fit Trousers for Men | Comfortable Men's Pants,Anshul Garments,999,252,75,3.1,182,Machine Wash,Button,India,N/A,Lycra,N/A,Classic
https://www.amazon.in/Vogaan-Mens-Loose-Cargo-VG-15-PISTA-38_Pista/dp/B0DK3NYFM8/ref=sr_1_54?crid=2K91KPZM8IIUC&dib=eyJ2IjoiMSJ9.AFZYl56m8rLgcZ8Wy8rh-j286EJvUDnReCwWMNLmlWKze0Qy1oIey8LoNfUHr-50WRlf4UNRJmr0QSSvAJ4YZeHeZ4mIJjOqi8cqUOILIgN_wAuyzrjPo8WitivdSQWMpLEwzG2i6q1nWA38DFOGcVWKSYR-Ip2jlgNAAGuh6Cc4omT5ygYyOxTKM9m-RN3NxERZeAKEtIQeZ1X5cE54IFw20z3OOps-AbSNq9_0GbYpQJpUnUvqQgqahdd0pTdwi727SWJFm2MTt7UIxnpD59vzNgSmM4E11wfcnpp3QcU.GpfnHqjkLsUGs6lmmWbpElgVeluq8e-BLvJvHpPIFfQ&dib_tag=se&keywords=pants&qid=1758558967&sprefix=pants%2Caps%2C236&sr=8-54,Vogaan Men's Cargo Pants | Corduroy Trousers for Men Loose Fit | Cargos for Men | Men Cargo Trouser,Vogaan,2999,589,80,4.0,168,Machine Wash || Hand Wash,Drawstring,India,Standard Length,"95% Polyester, 5% Elastane","Wedding, Party, Anniversary, Birthday, Valentine's Day",Modern
https://www.amazon.in/dockstreet-Sweatpants-Stretchable-Drawstringbotm3003Egrey-Openbotm/dp/B0F2ZRYNMT/ref=sr_1_53?crid=2K91KPZM8IIUC&dib=eyJ2IjoiMSJ9.AFZYl56m8rLgcZ8Wy8rh-j286EJvUDnReCwWMNLmlWKze0Qy1oIey8LoNfUHr-50WRlf4UNRJmr0QSSvAJ4YZeHeZ4mIJjOqi8cqUOILIgN_wAuyzrjPo8WitivdSQWMpLEwzG2i6q1nWA38DFOGcVWKSYR-Ip2jlgNAAGuh6Cc4omT5ygYyOxTKM9m-RN3NxERZeAKEtIQeZ1X5cE54IFw20z3OOps-AbSNq9_0GbYpQJpUnUvqQgqahdd0pTdwi727SWJFm2MTt7UIxnpD59vzNgSmM4E11wfcnpp3QcU.GpfnHqjkLsUGs6lmmWbpElgVeluq8e-BLvJvHpPIFfQ&dib_tag=se&keywords=pants&qid=1758558967&sprefix=pants%2Caps%2C236&sr=8-53,dockstreet Men's/Unisex || Open Bottom || Stretchable || Drawstring Bottom Drawstring Pure Cotton Stretchable Baggy Jogger Pants,dockstreet,999,399,60,3.7,352,N/A,N/A,India,Ankle Length,Cotton,N/A,Sweatpants
https://www.amazon.in/Peter-England-Casual-Pants-PCTFSSSB219003_Brown/dp/B0DKZSRQ1B/ref=sr_1_52?crid=2K91KPZM8IIUC&dib=eyJ2IjoiMSJ9.AFZYl56m8rLgcZ8Wy8rh-j286EJvUDnReCwWMNLmlWKze0Qy1oIey8LoNfUHr-50WRlf4UNRJmr0QSSvAJ4YZeHeZ4mIJjOqi8cqUOILIgN_wAuyzrjPo8WitivdSQWMpLEwzG2i6q1nWA38DFOGcVWKSYR-Ip2jlgNAAGuh6Cc4omT5ygYyOxTKM9m-RN3NxERZeAKEtIQeZ1X5cE54IFw20z3OOps-AbSNq9_0GbYpQJpUnUvqQgqahdd0pTdwi727SWJFm2MTt7UIxnpD59vzNgSmM4E11wfcnpp3QcU.GpfnHqjkLsUGs6lmmWbpElgVeluq8e-BLvJvHpPIFfQ&dib_tag=se&keywords=pants&qid=1758558967&sprefix=pants%2Caps%2C236&sr=8-52,Peter England Men's Slim Fit Mid Rise Super Premium Wrinkle Free Casual Trouser Chinos,Peter England,1999,859,57,3.7,180,Machine Wash,Button,India,Standard Length,Cotton Blend,N/A,Chino
https://www.amazon.in/TOPLOT-Trousers-Stretchable-Trouser-Formal-5068-Teal-40/dp/B0DK9GC7RJ/ref=sr_1_51?crid=2K91KPZM8IIUC&dib=eyJ2IjoiMSJ9.AFZYl56m8rLgcZ8Wy8rh-j286EJvUDnReCwWMNLmlWKze0Qy1oIey8LoNfUHr-50WRlf4UNRJmr0QSSvAJ4YZeHeZ4mIJjOqi8cqUOILIgN_wAuyzrjPo8WitivdSQWMpLEwzG2i6q1nWA38DFOGcVWKSYR-Ip2jlgNAAGuh6Cc4omT5ygYyOxTKM9m-RN3NxERZeAKEtIQeZ1X5cE54IFw20z3OOps-AbSNq9_0GbYpQJpUnUvqQgqahdd0pTdwi727SWJFm2MTt7UIxnpD59vzNgSmM4E11wfcnpp3QcU.GpfnHqjkLsUGs6lmmWbpElgVeluq8e-BLvJvHpPIFfQ&dib_tag=se&keywords=pants&qid=1758558967&sprefix=pants%2Caps%2C236&sr=8-51,TOPLOT Men's Formal Trousers || Slim Fit Men's Wear Trousers || Stretchable Formal Pant Trousers || Trouser for Men,TOPLOT,2999,399,87,3.9,654,Machine Wash,Button,India,Standard Length,Cotton Blend,"Office, Communion, Meeting, Anniversary, Birthday",Single
https://www.amazon.in/Mehrang-Trousers-Pockets-Numeric-Regular/dp/B0DSJHX6DZ/ref=sr_1_50?crid=2K91KPZM8IIUC&dib=eyJ2IjoiMSJ9.AFZYl56m8rLgcZ8Wy8rh-j286EJvUDnReCwWMNLmlWKze0Qy1oIey8LoNfUHr-50WRlf4UNRJmr0QSSvAJ4YZeHeZ4mIJjOqi8cqUOILIgN_wAuyzrjPo8WitivdSQWMpLEwzG2i6q1nWA38DFOGcVWKSYR-Ip2jlgNAAGuh6Cc4omT5ygYyOxTKM9m-RN3NxERZeAKEtIQeZ1X5cE54IFw20z3OOps-AbSNq9_0GbYpQJpUnUvqQgqahdd0pTdwi727SWJFm2MTt7UIxnpD59vzNgSmM4E11wfcnpp3QcU.GpfnHqjkLsUGs6lmmWbpElgVeluq8e-BLvJvHpPIFfQ&dib_tag=se&keywords=pants&qid=1758558967&sprefix=pants%2Caps%2C236&sr=8-50,"Mehrang Men's Slim Fit Casual Trousers, Black, Cotton Blend, Side Pockets",Mehrang,1499,499,67,3.7,107,Hand Wash Only,Button,India,Standard Length,Cotton Blend,N/A,Modern
https://www.amazon.in/Jockey-Womens-Regular-Track-1302_Black_M/dp/B09YRS6LQX/ref=sr_1_49?crid=2K91KPZM8IIUC&dib=eyJ2IjoiMSJ9.AFZYl56m8rLgcZ8Wy8rh-j286EJvUDnReCwWMNLmlWKze0Qy1oIey8LoNfUHr-50WRlf4UNRJmr0QSSvAJ4YZeHeZ4mIJjOqi8cqUOILIgN_wAuyzrjPo8WitivdSQWMpLEwzG2i6q1nWA38DFOGcVWKSYR-Ip2jlgNAAGuh6Cc4omT5ygYyOxTKM9m-RN3NxERZeAKEtIQeZ1X5cE54IFw20z3OOps-AbSNq9_0GbYpQJpUnUvqQgqahdd0pTdwi727SWJFm2MTt7UIxnpD59vzNgSmM4E11wfcnpp3QcU.GpfnHqjkLsUGs6lmmWbpElgVeluq8e-BLvJvHpPIFfQ&dib_tag=se&keywords=pants&qid=1758558967&sprefix=pants%2Caps%2C236&sr=8-49,Jockey 1302 Women's Super Combed Cotton Elastane Stretch Mid Rise Relaxed Fit Trackpants with Side Pockets,Jockey,599,949,-58,4.3,879,Machine Wash,Pull On,India,Ankle Length,Cotton,Casual,Classic
https://www.amazon.in/Park-Avenue-Polyviscose-Pattern-Trouser/dp/B0CR7BNPM7/ref=sr_1_48?crid=2K91KPZM8IIUC&dib=eyJ2IjoiMSJ9.AFZYl56m8rLgcZ8Wy8rh-j286EJvUDnReCwWMNLmlWKze0Qy1oIey8LoNfUHr-50WRlf4UNRJmr0QSSvAJ4YZeHeZ4mIJjOqi8cqUOILIgN_wAuyzrjPo8WitivdSQWMpLEwzG2i6q1nWA38DFOGcVWKSYR-Ip2jlgNAAGuh6Cc4omT5ygYyOxTKM9m-RN3NxERZeAKEtIQeZ1X5cE54IFw20z3OOps-AbSNq9_0GbYpQJpUnUvqQgqahdd0pTdwi727SWJFm2MTt7UIxnpD59vzNgSmM4E11wfcnpp3QcU.GpfnHqjkLsUGs6lmmWbpElgVeluq8e-BLvJvHpPIFfQ&dib_tag=se&keywords=pants&qid=1758558967&sprefix=pants%2Caps%2C236&sr=8-48,Park Avenue Men's Mid Rise Polyviscose Blend Stripe Pattern Smart Fit Flat Front Formal Trouser,Park Avenue,2299,804,65,4.2,6,Machine Wash,Zipper,India,Standard Length,Polyviscose Blend,Date night,Trouser
https://www.amazon.in/Ben-Martin-White-Jeans-Loose/dp/B0D76D2VS1/ref=sr_1_47?crid=2K91KPZM8IIUC&dib=eyJ2IjoiMSJ9.AFZYl56m8rLgcZ8Wy8rh-j286EJvUDnReCwWMNLmlWKze0Qy1oIey8LoNfUHr-50WRlf4UNRJmr0QSSvAJ4YZeHeZ4mIJjOqi8cqUOILIgN_wAuyzrjPo8WitivdSQWMpLEwzG2i6q1nWA38DFOGcVWKSYR-Ip2jlgNAAGuh6Cc4omT5ygYyOxTKM9m-RN3NxERZeAKEtIQeZ1X5cE54IFw20z3OOps-AbSNq9_0GbYpQJpUnUvqQgqahdd0pTdwi727SWJFm2MTt7UIxnpD59vzNgSmM4E11wfcnpp3QcU.GpfnHqjkLsUGs6lmmWbpElgVeluq8e-BLvJvHpPIFfQ&dib_tag=se&keywords=pants&qid=1758558967&sprefix=pants%2Caps%2C236&sr=8-47,"Ben Martin Men Jeans || Baggy Fit Jean's for Man || Loose Fit High Rise Denim || Stretchable Casual Wear Jean,s || Dance Rap Rapping Style Pant for Men || Denim Cotton Jeans (1)",Ben Martin,2999,699,77,4.0,906,Machine Wash,Button,India,Standard Length,Cotton,"New Year, Bachelor Party, Anniversary, Birthday, Thanksgiving",Boyfriend
https://www.amazon.in/Amazon-Brand-Symbol-Trousers-AW-SY-MCT-1153_Navy_36W/dp/B07KW5MFYW/ref=sr_1_46?crid=2K91KPZM8IIUC&dib=eyJ2IjoiMSJ9.AFZYl56m8rLgcZ8Wy8rh-j286EJvUDnReCwWMNLmlWKze0Qy1oIey8LoNfUHr-50WRlf4UNRJmr0QSSvAJ4YZeHeZ4mIJjOqi8cqUOILIgN_wAuyzrjPo8WitivdSQWMpLEwzG2i6q1nWA38DFOGcVWKSYR-Ip2jlgNAAGuh6Cc4omT5ygYyOxTKM9m-RN3NxERZeAKEtIQeZ1X5cE54IFw20z3OOps-AbSNq9_0GbYpQJpUnUvqQgqahdd0pTdwi727SWJFm2MTt7UIxnpD59vzNgSmM4E11wfcnpp3QcU.GpfnHqjkLsUGs6lmmWbpElgVeluq8e-BLvJvHpPIFfQ&dib_tag=se&keywords=pants&qid=1758558967&sprefix=pants%2Caps%2C236&sr=8-46,Amazon Brand - Symbol Men's Regular Fit Mid Rise Trouser,Amazon Brand - Symbol,1699,379,78,3.5,11928,Machine Wash,Zipper,India,Standard Length,Cotton,Casual,Modern
https://www.amazon.in/Ben-Martin-Cargo-Pants-Cargos/dp/B0DCKWKK6S/ref=sr_1_45?crid=2K91KPZM8IIUC&dib=eyJ2IjoiMSJ9.AFZYl56m8rLgcZ8Wy8rh-j286EJvUDnReCwWMNLmlWKze0Qy1oIey8LoNfUHr-50WRlf4UNRJmr0QSSvAJ4YZeHeZ4mIJjOqi8cqUOILIgN_wAuyzrjPo8WitivdSQWMpLEwzG2i6q1nWA38DFOGcVWKSYR-Ip2jlgNAAGuh6Cc4omT5ygYyOxTKM9m-RN3NxERZeAKEtIQeZ1X5cE54IFw20z3OOps-AbSNq9_0GbYpQJpUnUvqQgqahdd0pTdwi727SWJFm2MTt7UIxnpD59vzNgSmM4E11wfcnpp3QcU.GpfnHqjkLsUGs6lmmWbpElgVeluq8e-BLvJvHpPIFfQ&dib_tag=se&keywords=pants&qid=1758558967&sprefix=pants%2Caps%2C236&sr=8-45,"Ben Martin Men's Denim Cotton Cargo Jeans || Stretchable Baggy Fit || High Waist Loose Cargos for Men with Box Pockets || Stylish Gen-Z Streetwear || Sizes 28–40 || Black, Khaki, Grey & More",Ben Martin,2999,799,73,3.8,1003,Machine Wash,Button,India,Standard Length,Cotton,"New Year, Bachelor Party, Anniversary, Birthday, Thanksgiving",Cargo
https://www.amazon.in/Allen-Solly-Casual-Pants-ASTFMSRFU89690_Charcoal/dp/B0F7XFHJ94/ref=sr_1_44?crid=2K91KPZM8IIUC&dib=eyJ2IjoiMSJ9.AFZYl56m8rLgcZ8Wy8rh-j286EJvUDnReCwWMNLmlWKze0Qy1oIey8LoNfUHr-50WRlf4UNRJmr0QSSvAJ4YZeHeZ4mIJjOqi8cqUOILIgN_wAuyzrjPo8WitivdSQWMpLEwzG2i6q1nWA38DFOGcVWKSYR-Ip2jlgNAAGuh6Cc4omT5ygYyOxTKM9m-RN3NxERZeAKEtIQeZ1X5cE54IFw20z3OOps-AbSNq9_0GbYpQJpUnUvqQgqahdd0pTdwi727SWJFm2MTt7UIxnpD59vzNgSmM4E11wfcnpp3QcU.GpfnHqjkLsUGs6lmmWbpElgVeluq8e-BLvJvHpPIFfQ&dib_tag=se&keywords=pants&qid=1758558967&sprefix=pants%2Caps%2C236&sr=8-44,Allen Solly Men Slim Textured Flat Front Formal Trousers,Allen Solly,2499,1152,54,4.0,16,Machine Wash,Button,India,Standard Length,Polyester Blend,N/A,Chino
https://www.amazon.in/Urban-Buccachi-TRK-001-L-Dark-Grey/dp/B0F222MYYP/ref=sr_1_43?crid=2K91KPZM8IIUC&dib=eyJ2IjoiMSJ9.AFZYl56m8rLgcZ8Wy8rh-j286EJvUDnReCwWMNLmlWKze0Qy1oIey8LoNfUHr-50WRlf4UNRJmr0QSSvAJ4YZeHeZ4mIJjOqi8cqUOILIgN_wAuyzrjPo8WitivdSQWMpLEwzG2i6q1nWA38DFOGcVWKSYR-Ip2jlgNAAGuh6Cc4omT5ygYyOxTKM9m-RN3NxERZeAKEtIQeZ1X5cE54IFw20z3OOps-AbSNq9_0GbYpQJpUnUvqQgqahdd0pTdwi727SWJFm2MTt7UIxnpD59vzNgSmM4E11wfcnpp3QcU.GpfnHqjkLsUGs6lmmWbpElgVeluq8e-BLvJvHpPIFfQ&dib_tag=se&keywords=pants&qid=1758558967&sprefix=pants%2Caps%2C236&sr=8-43,Urban Buccachi Men's Polycotton Straight Fit Track Pants | Mid-Rise with Flexi Waistband | Comfortable Active & Lounge Wear,Urban Buccachi,999,399,60,4.0,242,Hand Wash Only,Drawstring,India,Long Length,Polycotton,"Bachelor Party, Honeymoon, Birthday",Classic
https://www.amazon.in/AVANOVA-Corduroy-Baggy-Slacks-Chino/dp/B0F4KSSFQR/ref=sr_1_42?crid=2K91KPZM8IIUC&dib=eyJ2IjoiMSJ9.AFZYl56m8rLgcZ8Wy8rh-j286EJvUDnReCwWMNLmlWKze0Qy1oIey8LoNfUHr-50WRlf4UNRJmr0QSSvAJ4YZeHeZ4mIJjOqi8cqUOILIgN_wAuyzrjPo8WitivdSQWMpLEwzG2i6q1nWA38DFOGcVWKSYR-Ip2jlgNAAGuh6Cc4omT5ygYyOxTKM9m-RN3NxERZeAKEtIQeZ1X5cE54IFw20z3OOps-AbSNq9_0GbYpQJpUnUvqQgqahdd0pTdwi727SWJFm2MTt7UIxnpD59vzNgSmM4E11wfcnpp3QcU.GpfnHqjkLsUGs6lmmWbpElgVeluq8e-BLvJvHpPIFfQ&dib_tag=se&keywords=pants&qid=1758558967&sprefix=pants%2Caps%2C236&sr=8-42,"AVANOVA Men's Black Front Tie Loose Fit Corduroy Baggy Long Slacks Chino Pants with Slant Pocket Simple Casual Trousers, Going Out (Code Pant 186)",AVANOVA,2999,619,79,4.1,51,Machine or Hand Wash,Drawstring,India,Standard Length,Cotton Blend,"Festival, Daily, Party, Casual, Formal",Modern
https://www.amazon.in/Samfor-Track-Pant-Men-Comfortable/dp/B0FCC8BTXT/ref=sr_1_41?crid=2K91KPZM8IIUC&dib=eyJ2IjoiMSJ9.AFZYl56m8rLgcZ8Wy8rh-j286EJvUDnReCwWMNLmlWKze0Qy1oIey8LoNfUHr-50WRlf4UNRJmr0QSSvAJ4YZeHeZ4mIJjOqi8cqUOILIgN_wAuyzrjPo8WitivdSQWMpLEwzG2i6q1nWA38DFOGcVWKSYR-Ip2jlgNAAGuh6Cc4omT5ygYyOxTKM9m-RN3NxERZeAKEtIQeZ1X5cE54IFw20z3OOps-AbSNq9_0GbYpQJpUnUvqQgqahdd0pTdwi727SWJFm2MTt7UIxnpD59vzNgSmM4E11wfcnpp3QcU.GpfnHqjkLsUGs6lmmWbpElgVeluq8e-BLvJvHpPIFfQ&dib_tag=se&keywords=pants&qid=1758558967&sprefix=pants%2Caps%2C236&sr=8-41,"Samfor Track Pant for Men - Stylish, Comfortable & Stretchable Athletic Joggers for Casual & Gym Wear, Loose fit",Samfor,1999,399,80,4.4,187,"Machine Wash , Hand Wash",Pull On,India,N/A,Polycotton,N/A,Jogger
https://www.amazon.in/Lymio-Cargo-Cotton-Cargos-Cargo-01-04/dp/B0CTQGS7KD/ref=sr_1_40?crid=2K91KPZM8IIUC&dib=eyJ2IjoiMSJ9.AFZYl56m8rLgcZ8Wy8rh-j286EJvUDnReCwWMNLmlWKze0Qy1oIey8LoNfUHr-50WRlf4UNRJmr0QSSvAJ4YZeHeZ4mIJjOqi8cqUOILIgN_wAuyzrjPo8WitivdSQWMpLEwzG2i6q1nWA38DFOGcVWKSYR-Ip2jlgNAAGuh6Cc4omT5ygYyOxTKM9m-RN3NxERZeAKEtIQeZ1X5cE54IFw20z3OOps-AbSNq9_0GbYpQJpUnUvqQgqahdd0pTdwi727SWJFm2MTt7UIxnpD59vzNgSmM4E11wfcnpp3QcU.GpfnHqjkLsUGs6lmmWbpElgVeluq8e-BLvJvHpPIFfQ&dib_tag=se&keywords=pants&qid=1758558967&sprefix=pants%2Caps%2C236&sr=8-40,Lymio Men's Regular Fit Low Rise Cotton Cargos Pants (Cargo-01-04),Lymio,4999,499,90,3.6,4109,Machine Wash,Drawstring,India,Long Length,Cotton,Casual,Cargo
https://www.amazon.in/Jockey-Combed-Elastane-Stretch-Pants_Graphite_XL/dp/B0DJ8M5XPS/ref=sr_1_39?crid=2K91KPZM8IIUC&dib=eyJ2IjoiMSJ9.AFZYl56m8rLgcZ8Wy8rh-j286EJvUDnReCwWMNLmlWKze0Qy1oIey8LoNfUHr-50WRlf4UNRJmr0QSSvAJ4YZeHeZ4mIJjOqi8cqUOILIgN_wAuyzrjPo8WitivdSQWMpLEwzG2i6q1nWA38DFOGcVWKSYR-Ip2jlgNAAGuh6Cc4omT5ygYyOxTKM9m-RN3NxERZeAKEtIQeZ1X5cE54IFw20z3OOps-AbSNq9_0GbYpQJpUnUvqQgqahdd0pTdwi727SWJFm2MTt7UIxnpD59vzNgSmM4E11wfcnpp3QcU.GpfnHqjkLsUGs6lmmWbpElgVeluq8e-BLvJvHpPIFfQ&dib_tag=se&keywords=pants&qid=1758558967&sprefix=pants%2Caps%2C236&sr=8-39,Jockey IM26 Men's Super Combed Cotton Rich Elastane Stretch Woven Fabric Mid Rise Slim Fit All Day Pants with Side Pockets,Jockey,1849,1779,4,3.9,38,Hand Wash Only,Zipper,India,N/A,Cotton,Casual,Modern
https://www.amazon.in/Amazon-Brand-Symbol-AW-SY-MCT-1144_Light-Olive_32W/dp/B07CYX8KTS/ref=sr_1_38?crid=2K91KPZM8IIUC&dib=eyJ2IjoiMSJ9.AFZYl56m8rLgcZ8Wy8rh-j286EJvUDnReCwWMNLmlWKze0Qy1oIey8LoNfUHr-50WRlf4UNRJmr0QSSvAJ4YZeHeZ4mIJjOqi8cqUOILIgN_wAuyzrjPo8WitivdSQWMpLEwzG2i6q1nWA38DFOGcVWKSYR-Ip2jlgNAAGuh6Cc4omT5ygYyOxTKM9m-RN3NxERZeAKEtIQeZ1X5cE54IFw20z3OOps-AbSNq9_0GbYpQJpUnUvqQgqahdd0pTdwi727SWJFm2MTt7UIxnpD59vzNgSmM4E11wfcnpp3QcU.GpfnHqjkLsUGs6lmmWbpElgVeluq8e-BLvJvHpPIFfQ&dib_tag=se&keywords=pants&qid=1758558967&sprefix=pants%2Caps%2C236&sr=8-38,Amazon Brand - Symbol Men's Casual Regular Fit Cotton Pants | Chinos | Trousers,Amazon Brand - Symbol,2199,629,71,3.6,15297,N/A,Button,India,Standard Length,Cotton,Casual,Chino
https://www.amazon.in/TAGDO-Regular-Casual-Pants-Pant-2031-Silver-34_Silver/dp/B0DRKYFTDN/ref=sr_1_37?crid=2K91KPZM8IIUC&dib=eyJ2IjoiMSJ9.AFZYl56m8rLgcZ8Wy8rh-j286EJvUDnReCwWMNLmlWKze0Qy1oIey8LoNfUHr-50WRlf4UNRJmr0QSSvAJ4YZeHeZ4mIJjOqi8cqUOILIgN_wAuyzrjPo8WitivdSQWMpLEwzG2i6q1nWA38DFOGcVWKSYR-Ip2jlgNAAGuh6Cc4omT5ygYyOxTKM9m-RN3NxERZeAKEtIQeZ1X5cE54IFw20z3OOps-AbSNq9_0GbYpQJpUnUvqQgqahdd0pTdwi727SWJFm2MTt7UIxnpD59vzNgSmM4E11wfcnpp3QcU.GpfnHqjkLsUGs6lmmWbpElgVeluq8e-BLvJvHpPIFfQ&dib_tag=se&keywords=pants&qid=1758558967&sprefix=pants%2Caps%2C236&sr=8-37,TAGDO Mens Trendy Casual Pants Slim Fit (2031),TAGDO,2799,549,80,3.9,199,Machine Wash,Button,India,Standard Length,Cotton Blend,"Graduation, Bachelor Party, Honeymoon, Thanksgiving",Chino
https://www.amazon.in/BE-SAVAGE-Trackpants-Trackpant-Sweatpants/dp/B0FJ2JXR1M/ref=sr_1_36?crid=2K91KPZM8IIUC&dib=eyJ2IjoiMSJ9.AFZYl56m8rLgcZ8Wy8rh-j286EJvUDnReCwWMNLmlWKze0Qy1oIey8LoNfUHr-50WRlf4UNRJmr0QSSvAJ4YZeHeZ4mIJjOqi8cqUOILIgN_wAuyzrjPo8WitivdSQWMpLEwzG2i6q1nWA38DFOGcVWKSYR-Ip2jlgNAAGuh6Cc4omT5ygYyOxTKM9m-RN3NxERZeAKEtIQeZ1X5cE54IFw20z3OOps-AbSNq9_0GbYpQJpUnUvqQgqahdd0pTdwi727SWJFm2MTt7UIxnpD59vzNgSmM4E11wfcnpp3QcU.GpfnHqjkLsUGs6lmmWbpElgVeluq8e-BLvJvHpPIFfQ&dib_tag=se&keywords=pants&qid=1758558967&sprefix=pants%2Caps%2C236&sr=8-36,BE SAVAGE Trackpants for Men Stylish Gym Trackpant for Man Joggers for Men Sweatpants Printed Track Pant,BE SAVAGE,999,449,55,4.1,67,Machine Wash,Drawstring,India,Standard Length,Cotton Looperknit,N/A,Modern
https://www.amazon.in/JVX-Trouser-Casual-TROUSER-02-Numeric/dp/B0DXV874NL/ref=sr_1_35?crid=2K91KPZM8IIUC&dib=eyJ2IjoiMSJ9.AFZYl56m8rLgcZ8Wy8rh-j286EJvUDnReCwWMNLmlWKze0Qy1oIey8LoNfUHr-50WRlf4UNRJmr0QSSvAJ4YZeHeZ4mIJjOqi8cqUOILIgN_wAuyzrjPo8WitivdSQWMpLEwzG2i6q1nWA38DFOGcVWKSYR-Ip2jlgNAAGuh6Cc4omT5ygYyOxTKM9m-RN3NxERZeAKEtIQeZ1X5cE54IFw20z3OOps-AbSNq9_0GbYpQJpUnUvqQgqahdd0pTdwi727SWJFm2MTt7UIxnpD59vzNgSmM4E11wfcnpp3QcU.GpfnHqjkLsUGs6lmmWbpElgVeluq8e-BLvJvHpPIFfQ&dib_tag=se&keywords=pants&qid=1758558967&sprefix=pants%2Caps%2C236&sr=8-35,JVX Men Trouser || Man Trouser Pants || Casual Pant || Cotton Pant for Men (TROUSER-02),JVX,2999,559,81,3.4,253,Machine Wash,Drawstring,India,Full length,Cotton,Any occasion,Modern
https://www.amazon.in/Levis-Mens-Casual-Pants-000US-0003_Blue/dp/B08L5TKXHJ/ref=sr_1_34?crid=2K91KPZM8IIUC&dib=eyJ2IjoiMSJ9.AFZYl56m8rLgcZ8Wy8rh-j286EJvUDnReCwWMNLmlWKze0Qy1oIey8LoNfUHr-50WRlf4UNRJmr0QSSvAJ4YZeHeZ4mIJjOqi8cqUOILIgN_wAuyzrjPo8WitivdSQWMpLEwzG2i6q1nWA38DFOGcVWKSYR-Ip2jlgNAAGuh6Cc4omT5ygYyOxTKM9m-RN3NxERZeAKEtIQeZ1X5cE54IFw20z3OOps-AbSNq9_0GbYpQJpUnUvqQgqahdd0pTdwi727SWJFm2MTt7UIxnpD59vzNgSmM4E11wfcnpp3QcU.GpfnHqjkLsUGs6lmmWbpElgVeluq8e-BLvJvHpPIFfQ&dib_tag=se&keywords=pants&qid=1758558967&sprefix=pants%2Caps%2C236&sr=8-34,Levi's Men's 511 Slim Fit Mid Rise Trousers,Levi's,3199,1142,64,4.0,36,Machine Wash,Button,Bangladesh,Mid Length [NA],Cotton,Casual,Cargo
https://www.amazon.in/Amazon-Brand-Stretchable-Trousers-SY-AW19-MFT-049_Light/dp/B07YT1PVNJ/ref=sr_1_33?crid=2K91KPZM8IIUC&dib=eyJ2IjoiMSJ9.AFZYl56m8rLgcZ8Wy8rh-j286EJvUDnReCwWMNLmlWKze0Qy1oIey8LoNfUHr-50WRlf4UNRJmr0QSSvAJ4YZeHeZ4mIJjOqi8cqUOILIgN_wAuyzrjPo8WitivdSQWMpLEwzG2i6q1nWA38DFOGcVWKSYR-Ip2jlgNAAGuh6Cc4omT5ygYyOxTKM9m-RN3NxERZeAKEtIQeZ1X5cE54IFw20z3OOps-AbSNq9_0GbYpQJpUnUvqQgqahdd0pTdwi727SWJFm2MTt7UIxnpD59vzNgSmM4E11wfcnpp3QcU.GpfnHqjkLsUGs6lmmWbpElgVeluq8e-BLvJvHpPIFfQ&dib_tag=se&keywords=pants&qid=1758558967&sprefix=pants%2Caps%2C236&sr=8-33,Amazon Brand - Symbol Men's Stretchable Formal Pants | Trousers (Slim Fit),Amazon Brand - Symbol,1399,699,50,3.8,14971,Machine Wash,Zipper,India,Ankle-length,Poly Viscose,Formal,Dress Pant
https://www.amazon.in/Shasmi-Loose-Drawstring-Trousers-157/dp/B0F2Z6XX4Q/ref=sr_1_32?crid=2K91KPZM8IIUC&dib=eyJ2IjoiMSJ9.AFZYl56m8rLgcZ8Wy8rh-j286EJvUDnReCwWMNLmlWKze0Qy1oIey8LoNfUHr-50WRlf4UNRJmr0QSSvAJ4YZeHeZ4mIJjOqi8cqUOILIgN_wAuyzrjPo8WitivdSQWMpLEwzG2i6q1nWA38DFOGcVWKSYR-Ip2jlgNAAGuh6Cc4omT5ygYyOxTKM9m-RN3NxERZeAKEtIQeZ1X5cE54IFw20z3OOps-AbSNq9_0GbYpQJpUnUvqQgqahdd0pTdwi727SWJFm2MTt7UIxnpD59vzNgSmM4E11wfcnpp3QcU.GpfnHqjkLsUGs6lmmWbpElgVeluq8e-BLvJvHpPIFfQ&dib_tag=se&keywords=pants&qid=1758558967&sprefix=pants%2Caps%2C236&sr=8-32,Shasmi Women High Rise Loose Fit Trousers Pants,Shasmi,2499,399,84,4.3,180,Hand or Machine Wash,Drawstring,India,Standard Length,Polycotton,"New Year, Bachelor Party, Anniversary, Casual, Birthday",Loose Texture Wrinkle Fabric Drawstring Waist Long Pants
https://www.amazon.in/Raymond-Mens-Regular-Trouser-RMTX04626-G7_Dark/dp/B0BSV93NJB/ref=sr_1_31?crid=2K91KPZM8IIUC&dib=eyJ2IjoiMSJ9.AFZYl56m8rLgcZ8Wy8rh-j286EJvUDnReCwWMNLmlWKze0Qy1oIey8LoNfUHr-50WRlf4UNRJmr0QSSvAJ4YZeHeZ4mIJjOqi8cqUOILIgN_wAuyzrjPo8WitivdSQWMpLEwzG2i6q1nWA38DFOGcVWKSYR-Ip2jlgNAAGuh6Cc4omT5ygYyOxTKM9m-RN3NxERZeAKEtIQeZ1X5cE54IFw20z3OOps-AbSNq9_0GbYpQJpUnUvqQgqahdd0pTdwi727SWJFm2MTt7UIxnpD59vzNgSmM4E11wfcnpp3QcU.GpfnHqjkLsUGs6lmmWbpElgVeluq8e-BLvJvHpPIFfQ&dib_tag=se&keywords=pants&qid=1758558967&sprefix=pants%2Caps%2C236&sr=8-31,Raymond Men's Contemporary Mid Rise Poly Viscose Blend Checks Pattern Fit Flat Front Formal Trouser,Raymond,3899,1559,60,4.3,10,Machine Wash,Zipper,India,Ankle Length,Polyester Blend,Formal,Casual trousers
https://www.amazon.in/Allen-Solly-Casual-Pants-ASTFMSRFN52699_Grey/dp/B0F7XBRC8Z/ref=sr_1_30?crid=2K91KPZM8IIUC&dib=eyJ2IjoiMSJ9.AFZYl56m8rLgcZ8Wy8rh-j286EJvUDnReCwWMNLmlWKze0Qy1oIey8LoNfUHr-50WRlf4UNRJmr0QSSvAJ4YZeHeZ4mIJjOqi8cqUOILIgN_wAuyzrjPo8WitivdSQWMpLEwzG2i6q1nWA38DFOGcVWKSYR-Ip2jlgNAAGuh6Cc4omT5ygYyOxTKM9m-RN3NxERZeAKEtIQeZ1X5cE54IFw20z3OOps-AbSNq9_0GbYpQJpUnUvqQgqahdd0pTdwi727SWJFm2MTt7UIxnpD59vzNgSmM4E11wfcnpp3QcU.GpfnHqjkLsUGs6lmmWbpElgVeluq8e-BLvJvHpPIFfQ&dib_tag=se&keywords=pants&qid=1758558967&sprefix=pants%2Caps%2C236&sr=8-30,Allen Solly Men Slim Solid Flat Front Formal Trouser,Allen Solly,2299,899,61,3.6,27,Machine Wash,Button,India,N/A,Polyester Blend,N/A,Chino
https://www.amazon.in/Lymio-Cargo-Cotton-Cargos-Cargo-118-Grey-M/dp/B0DRFNDSNX/ref=sr_1_29?crid=2K91KPZM8IIUC&dib=eyJ2IjoiMSJ9.AFZYl56m8rLgcZ8Wy8rh-j286EJvUDnReCwWMNLmlWKze0Qy1oIey8LoNfUHr-50WRlf4UNRJmr0QSSvAJ4YZeHeZ4mIJjOqi8cqUOILIgN_wAuyzrjPo8WitivdSQWMpLEwzG2i6q1nWA38DFOGcVWKSYR-Ip2jlgNAAGuh6Cc4omT5ygYyOxTKM9m-RN3NxERZeAKEtIQeZ1X5cE54IFw20z3OOps-AbSNq9_0GbYpQJpUnUvqQgqahdd0pTdwi727SWJFm2MTt7UIxnpD59vzNgSmM4E11wfcnpp3QcU.GpfnHqjkLsUGs6lmmWbpElgVeluq8e-BLvJvHpPIFfQ&dib_tag=se&keywords=pants&qid=1758558967&sprefix=pants%2Caps%2C236&sr=8-29,Lymio Men Cargo || Men Cargo Pants || Men Cargo Pants Cotton || Cargos for Men (Cargo-117-120),Lymio,4999,599,88,3.8,1952,Machine Wash,Drawstring,India,Long [NA],Cotton,N/A,Cargo
https://www.amazon.in/Mack-Jonney-Regular-Trouser-Pant-MACK640434/dp/B0DVZH1R7B/ref=sr_1_28?crid=2K91KPZM8IIUC&dib=eyJ2IjoiMSJ9.AFZYl56m8rLgcZ8Wy8rh-j286EJvUDnReCwWMNLmlWKze0Qy1oIey8LoNfUHr-50WRlf4UNRJmr0QSSvAJ4YZeHeZ4mIJjOqi8cqUOILIgN_wAuyzrjPo8WitivdSQWMpLEwzG2i6q1nWA38DFOGcVWKSYR-Ip2jlgNAAGuh6Cc4omT5ygYyOxTKM9m-RN3NxERZeAKEtIQeZ1X5cE54IFw20z3OOps-AbSNq9_0GbYpQJpUnUvqQgqahdd0pTdwi727SWJFm2MTt7UIxnpD59vzNgSmM4E11wfcnpp3QcU.GpfnHqjkLsUGs6lmmWbpElgVeluq8e-BLvJvHpPIFfQ&dib_tag=se&keywords=pants&qid=1758558967&sprefix=pants%2Caps%2C236&sr=8-28,Mack Jonney Regular Trouser Loose Fit | Sports for Men Stylish Track Pant-MACK640418,Mack Jonney,1400,379,73,3.7,391,Machine Wash,Drawstring,India,Short Length,Cotton Blend,N/A,Modern
https://www.amazon.in/Peter-England-Mens-Pants-PETFWSSBD74734_Medium/dp/B0CHB3PPFX/ref=sr_1_27?crid=2K91KPZM8IIUC&dib=eyJ2IjoiMSJ9.AFZYl56m8rLgcZ8Wy8rh-j286EJvUDnReCwWMNLmlWKze0Qy1oIey8LoNfUHr-50WRlf4UNRJmr0QSSvAJ4YZeHeZ4mIJjOqi8cqUOILIgN_wAuyzrjPo8WitivdSQWMpLEwzG2i6q1nWA38DFOGcVWKSYR-Ip2jlgNAAGuh6Cc4omT5ygYyOxTKM9m-RN3NxERZeAKEtIQeZ1X5cE54IFw20z3OOps-AbSNq9_0GbYpQJpUnUvqQgqahdd0pTdwi727SWJFm2MTt7UIxnpD59vzNgSmM4E11wfcnpp3QcU.GpfnHqjkLsUGs6lmmWbpElgVeluq8e-BLvJvHpPIFfQ&dib_tag=se&keywords=pants&qid=1758558967&sprefix=pants%2Caps%2C236&sr=8-27,Peter England Men's Slim Fit Mid Rise Premium Formal Stretchable Knit Super Trouser | Comfort Lycra | 360-Degree Stretch,Peter England,2299,882,62,3.9,517,Machine Wash,Button,India,Standard Length,Polyester Blend,Diwali,Chino
https://www.amazon.in/FTX-Loose-Black-Formal-Trouser/dp/B0CJJN1RXV/ref=sr_1_26?crid=2K91KPZM8IIUC&dib=eyJ2IjoiMSJ9.AFZYl56m8rLgcZ8Wy8rh-j286EJvUDnReCwWMNLmlWKze0Qy1oIey8LoNfUHr-50WRlf4UNRJmr0QSSvAJ4YZeHeZ4mIJjOqi8cqUOILIgN_wAuyzrjPo8WitivdSQWMpLEwzG2i6q1nWA38DFOGcVWKSYR-Ip2jlgNAAGuh6Cc4omT5ygYyOxTKM9m-RN3NxERZeAKEtIQeZ1X5cE54IFw20z3OOps-AbSNq9_0GbYpQJpUnUvqQgqahdd0pTdwi727SWJFm2MTt7UIxnpD59vzNgSmM4E11wfcnpp3QcU.GpfnHqjkLsUGs6lmmWbpElgVeluq8e-BLvJvHpPIFfQ&dib_tag=se&keywords=pants&qid=1758558967&sprefix=pants%2Caps%2C236&sr=8-26,FTX Men's Loose Pants,FTX,1219,422,65,3.2,459,"Hand Wash, Machine Wash",Button,India,Standard Length,Polyester,"Evening, Any occasion",Classic
https://www.amazon.in/U-S-POLO-ASSN-Regular-USTROO0321_Grey/dp/B0C9J1P3T7/ref=sr_1_25?crid=2K91KPZM8IIUC&dib=eyJ2IjoiMSJ9.AFZYl56m8rLgcZ8Wy8rh-j286EJvUDnReCwWMNLmlWKze0Qy1oIey8LoNfUHr-50WRlf4UNRJmr0QSSvAJ4YZeHeZ4mIJjOqi8cqUOILIgN_wAuyzrjPo8WitivdSQWMpLEwzG2i6q1nWA38DFOGcVWKSYR-Ip2jlgNAAGuh6Cc4omT5ygYyOxTKM9m-RN3NxERZeAKEtIQeZ1X5cE54IFw20z3OOps-AbSNq9_0GbYpQJpUnUvqQgqahdd0pTdwi727SWJFm2MTt7UIxnpD59vzNgSmM4E11wfcnpp3QcU.GpfnHqjkLsUGs6lmmWbpElgVeluq8e-BLvJvHpPIFfQ&dib_tag=se&keywords=pants&qid=1758558967&sprefix=pants%2Caps%2C236&sr=8-25,U.S. POLO ASSN. Men's Slim Pants,U.S. POLO ASSN.,2799,1763,37,3.7,4,Machine Wash,Button,India,Full Length,Cotton Blend,Casual,Chino
https://www.amazon.in/Lymio-Track-Pants-Plain-Track-06-08/dp/B0CPVRMKZ9/ref=sr_1_20?crid=2K91KPZM8IIUC&dib=eyJ2IjoiMSJ9.AFZYl56m8rLgcZ8Wy8rh-j286EJvUDnReCwWMNLmlWKze0Qy1oIey8LoNfUHr-50WRlf4UNRJmr0QSSvAJ4YZeHeZ4mIJjOqi8cqUOILIgN_wAuyzrjPo8WitivdSQWMpLEwzG2i6q1nWA38DFOGcVWKSYR-Ip2jlgNAAGuh6Cc4omT5ygYyOxTKM9m-RN3NxERZeAKEtIQeZ1X5cE54IFw20z3OOps-AbSNq9_0GbYpQJpUnUvqQgqahdd0pTdwi727SWJFm2MTt7UIxnpD59vzNgSmM4E11wfcnpp3QcU.GpfnHqjkLsUGs6lmmWbpElgVeluq8e-BLvJvHpPIFfQ&dib_tag=se&keywords=pants&qid=1758558967&sprefix=pants%2Caps%2C236&sr=8-20,Lymio Track Pant for Men || Regular Fit || Track Pants || Lycra Full Elastic Jogger Track Pant (Available in Combo Packs) (TP-06-08),Lymio,2999,349,88,3.7,5780,Machine Wash,Drawstring,India,Ankle Length,Lycra,Casual,Cargo
https://www.amazon.in/DIVISIVE-Relaxed-Cotton-Trousers-DPT9_36_Ecru/dp/B0DK727M7F/ref=sr_1_19?crid=2K91KPZM8IIUC&dib=eyJ2IjoiMSJ9.AFZYl56m8rLgcZ8Wy8rh-j286EJvUDnReCwWMNLmlWKze0Qy1oIey8LoNfUHr-50WRlf4UNRJmr0QSSvAJ4YZeHeZ4mIJjOqi8cqUOILIgN_wAuyzrjPo8WitivdSQWMpLEwzG2i6q1nWA38DFOGcVWKSYR-Ip2jlgNAAGuh6Cc4omT5ygYyOxTKM9m-RN3NxERZeAKEtIQeZ1X5cE54IFw20z3OOps-AbSNq9_0GbYpQJpUnUvqQgqahdd0pTdwi727SWJFm2MTt7UIxnpD59vzNgSmM4E11wfcnpp3QcU.GpfnHqjkLsUGs6lmmWbpElgVeluq8e-BLvJvHpPIFfQ&dib_tag=se&keywords=pants&qid=1758558967&sprefix=pants%2Caps%2C236&sr=8-19,DIVISIVE Men's Relaxed Fit Cotton Linen Blend Trousers,DIVISIVE,2799,669,76,4.1,380,Machine Wash,Pull On,India,Standard Length,Linen Blend,"New Year, Bachelor Party, Honeymoon, Birthday",Bohemian
https://www.amazon.in/Lymio-Cargo-Cotton-Cargos-Cargo-46-49/dp/B0DF79D1JS/ref=sr_1_18?crid=2K91KPZM8IIUC&dib=eyJ2IjoiMSJ9.AFZYl56m8rLgcZ8Wy8rh-j286EJvUDnReCwWMNLmlWKze0Qy1oIey8LoNfUHr-50WRlf4UNRJmr0QSSvAJ4YZeHeZ4mIJjOqi8cqUOILIgN_wAuyzrjPo8WitivdSQWMpLEwzG2i6q1nWA38DFOGcVWKSYR-Ip2jlgNAAGuh6Cc4omT5ygYyOxTKM9m-RN3NxERZeAKEtIQeZ1X5cE54IFw20z3OOps-AbSNq9_0GbYpQJpUnUvqQgqahdd0pTdwi727SWJFm2MTt7UIxnpD59vzNgSmM4E11wfcnpp3QcU.GpfnHqjkLsUGs6lmmWbpElgVeluq8e-BLvJvHpPIFfQ&dib_tag=se&keywords=pants&qid=1758558967&sprefix=pants%2Caps%2C236&sr=8-18,Lymio Men Cargo || Men Cargo Pants Cotton || Casual Cargos Pant (Cargo-46-49),Lymio,4999,599,88,3.8,4428,Machine Wash,Drawstring,India,Long Length,Cotton,Casual,Cargo
https://www.amazon.in/Peter-England-Casual-Pants-PETFOSSBP48506_Black_34/dp/B0BF5FXKT7/ref=sr_1_17?crid=2K91KPZM8IIUC&dib=eyJ2IjoiMSJ9.AFZYl56m8rLgcZ8Wy8rh-j286EJvUDnReCwWMNLmlWKze0Qy1oIey8LoNfUHr-50WRlf4UNRJmr0QSSvAJ4YZeHeZ4mIJjOqi8cqUOILIgN_wAuyzrjPo8WitivdSQWMpLEwzG2i6q1nWA38DFOGcVWKSYR-Ip2jlgNAAGuh6Cc4omT5ygYyOxTKM9m-RN3NxERZeAKEtIQeZ1X5cE54IFw20z3OOps-AbSNq9_0GbYpQJpUnUvqQgqahdd0pTdwi727SWJFm2MTt7UIxnpD59vzNgSmM4E11wfcnpp3QcU.GpfnHqjkLsUGs6lmmWbpElgVeluq8e-BLvJvHpPIFfQ&dib_tag=se&keywords=pants&qid=1758558967&sprefix=pants%2Caps%2C236&sr=8-17,Peter England Men's Slim Fit Mid Rise Formal Stretchable Knit Super Trouser | Comfort Lycra | 360-Degree Stretch,Peter England,1999,1039,48,4.0,653,Machine Wash,Zipper,India,Ankle Length,"Polyester, 67% Polyester, 28% Rayon and 5% Spandex",Formal,Chino
https://www.amazon.in/Lymio-Cargo-Cotton-Cargos-Cargo-38-41/dp/B0D91XFDM7/ref=sr_1_16?crid=2K91KPZM8IIUC&dib=eyJ2IjoiMSJ9.AFZYl56m8rLgcZ8Wy8rh-j286EJvUDnReCwWMNLmlWKze0Qy1oIey8LoNfUHr-50WRlf4UNRJmr0QSSvAJ4YZeHeZ4mIJjOqi8cqUOILIgN_wAuyzrjPo8WitivdSQWMpLEwzG2i6q1nWA38DFOGcVWKSYR-Ip2jlgNAAGuh6Cc4omT5ygYyOxTKM9m-RN3NxERZeAKEtIQeZ1X5cE54IFw20z3OOps-AbSNq9_0GbYpQJpUnUvqQgqahdd0pTdwi727SWJFm2MTt7UIxnpD59vzNgSmM4E11wfcnpp3QcU.GpfnHqjkLsUGs6lmmWbpElgVeluq8e-BLvJvHpPIFfQ&dib_tag=se&keywords=pants&qid=1758558967&sprefix=pants%2Caps%2C236&sr=8-16,Lymio Men's Regular Fit Low Rise Cargo || Cotton Cargo Pants ||(Cargo-38-41),Lymio,4599,529,88,3.9,4391,Machine Wash,Drawstring,India,Full Length,Cotton,Casual,Cargo
https://www.amazon.in/Lymio-Cargo-Cotton-Cargos-Cargo-09-12/dp/B0CTPZ3364/ref=sr_1_15?crid=2K91KPZM8IIUC&dib=eyJ2IjoiMSJ9.AFZYl56m8rLgcZ8Wy8rh-j286EJvUDnReCwWMNLmlWKze0Qy1oIey8LoNfUHr-50WRlf4UNRJmr0QSSvAJ4YZeHeZ4mIJjOqi8cqUOILIgN_wAuyzrjPo8WitivdSQWMpLEwzG2i6q1nWA38DFOGcVWKSYR-Ip2jlgNAAGuh6Cc4omT5ygYyOxTKM9m-RN3NxERZeAKEtIQeZ1X5cE54IFw20z3OOps-AbSNq9_0GbYpQJpUnUvqQgqahdd0pTdwi727SWJFm2MTt7UIxnpD59vzNgSmM4E11wfcnpp3QcU.GpfnHqjkLsUGs6lmmWbpElgVeluq8e-BLvJvHpPIFfQ&dib_tag=se&keywords=pants&qid=1758558967&sprefix=pants%2Caps%2C236&sr=8-15,Lymio Men's Regular Fit Low Rise Cargo || Cargo Pants Cotton || Cargos (Cargo-09-12),Lymio,4999,529,89,3.5,4951,Machine Wash,Drawstring,India,Long Length,Cotton,Casual,Cargo
https://www.amazon.in/JVX-Looses-Denimjeans-Baggyjeans-Numeric/dp/B0DVZDPT3Z/ref=sr_1_14?crid=2K91KPZM8IIUC&dib=eyJ2IjoiMSJ9.AFZYl56m8rLgcZ8Wy8rh-j286EJvUDnReCwWMNLmlWKze0Qy1oIey8LoNfUHr-50WRlf4UNRJmr0QSSvAJ4YZeHeZ4mIJjOqi8cqUOILIgN_wAuyzrjPo8WitivdSQWMpLEwzG2i6q1nWA38DFOGcVWKSYR-Ip2jlgNAAGuh6Cc4omT5ygYyOxTKM9m-RN3NxERZeAKEtIQeZ1X5cE54IFw20z3OOps-AbSNq9_0GbYpQJpUnUvqQgqahdd0pTdwi727SWJFm2MTt7UIxnpD59vzNgSmM4E11wfcnpp3QcU.GpfnHqjkLsUGs6lmmWbpElgVeluq8e-BLvJvHpPIFfQ&dib_tag=se&keywords=pants&qid=1758558967&sprefix=pants%2Caps%2C236&sr=8-14,JVX Jeans for Men || Men Jeans || Looses Fit DenimJeans || BaggyJeans (NJJ-04),JVX,3999,619,85,3.8,347,Machine Wash,Button,India,Standard Length,Cotton,"Diwali, Bachelor Party, Any occasion, Birthday, Valentine's Day",Classic
https://www.amazon.in/GRECIILOOKS-Regular-Stylish-Trouser-Available/dp/B0CXPWSGVB/ref=sr_1_13?crid=2K91KPZM8IIUC&dib=eyJ2IjoiMSJ9.AFZYl56m8rLgcZ8Wy8rh-j286EJvUDnReCwWMNLmlWKze0Qy1oIey8LoNfUHr-50WRlf4UNRJmr0QSSvAJ4YZeHeZ4mIJjOqi8cqUOILIgN_wAuyzrjPo8WitivdSQWMpLEwzG2i6q1nWA38DFOGcVWKSYR-Ip2jlgNAAGuh6Cc4omT5ygYyOxTKM9m-RN3NxERZeAKEtIQeZ1X5cE54IFw20z3OOps-AbSNq9_0GbYpQJpUnUvqQgqahdd0pTdwi727SWJFm2MTt7UIxnpD59vzNgSmM4E11wfcnpp3QcU.GpfnHqjkLsUGs6lmmWbpElgVeluq8e-BLvJvHpPIFfQ&dib_tag=se&keywords=pants&qid=1758558967&sprefix=pants%2Caps%2C236&sr=8-13,GRECIILOOKS Men's Loose Mid Rise Regular | Sports Stylish Track Pant | Trouser (Available in Plus Size and Combo Pack of 2),GRECIILOOKS,1999,429,79,4.0,1008,Machine Wash,Pull On,India,Standard Length,Polycotton,"Graduation, Bachelor Party, Anniversary, Honeymoon, Birthday",Single Pack
https://www.amazon.in/LOUIS-SENSE-Loose-Pants-CARGO-03_Green/dp/B0F21YHWS8/ref=sr_1_12?crid=2K91KPZM8IIUC&dib=eyJ2IjoiMSJ9.AFZYl56m8rLgcZ8Wy8rh-j286EJvUDnReCwWMNLmlWKze0Qy1oIey8LoNfUHr-50WRlf4UNRJmr0QSSvAJ4YZeHeZ4mIJjOqi8cqUOILIgN_wAuyzrjPo8WitivdSQWMpLEwzG2i6q1nWA38DFOGcVWKSYR-Ip2jlgNAAGuh6Cc4omT5ygYyOxTKM9m-RN3NxERZeAKEtIQeZ1X5cE54IFw20z3OOps-AbSNq9_0GbYpQJpUnUvqQgqahdd0pTdwi727SWJFm2MTt7UIxnpD59vzNgSmM4E11wfcnpp3QcU.GpfnHqjkLsUGs6lmmWbpElgVeluq8e-BLvJvHpPIFfQ&dib_tag=se&keywords=pants&qid=1758558967&sprefix=pants%2Caps%2C236&sr=8-12,LOUIS SENSE Men's Loose Pants,LOUIS SENSE,3999,599,85,3.6,261,Machine Wash,Drawstring,India,Full length,Cotton,Any occasion,Cargo
https://www.amazon.in/Van-Heusen-Mens-Pants-VHTFFSLBE81735_Charcoal/dp/B0F296BP9F/ref=sr_1_11?crid=2K91KPZM8IIUC&dib=eyJ2IjoiMSJ9.AFZYl56m8rLgcZ8Wy8rh-j286EJvUDnReCwWMNLmlWKze0Qy1oIey8LoNfUHr-50WRlf4UNRJmr0QSSvAJ4YZeHeZ4mIJjOqi8cqUOILIgN_wAuyzrjPo8WitivdSQWMpLEwzG2i6q1nWA38DFOGcVWKSYR-Ip2jlgNAAGuh6Cc4omT5ygYyOxTKM9m-RN3NxERZeAKEtIQeZ1X5cE54IFw20z3OOps-AbSNq9_0GbYpQJpUnUvqQgqahdd0pTdwi727SWJFm2MTt7UIxnpD59vzNgSmM4E11wfcnpp3QcU.GpfnHqjkLsUGs6lmmWbpElgVeluq8e-BLvJvHpPIFfQ&dib_tag=se&keywords=pants&qid=1758558967&sprefix=pants%2Caps%2C236&sr=8-11,Van Heusen Men's Mid Rise Slim Fit Premium Formal Trousers | Superior Comfort | Auto-Flex Waist Band | Soft Touch,Van Heusen,2299,1049,54,4.2,115,Machine Wash,Zipper,India,N/A,Polyester,N/A,Modern
https://www.amazon.in/GRECIILOOKS-Regular-Track-Pant-Gl-Tp-1011-M-White/dp/B0CXPV959L/ref=sr_1_10?crid=2K91KPZM8IIUC&dib=eyJ2IjoiMSJ9.AFZYl56m8rLgcZ8Wy8rh-j286EJvUDnReCwWMNLmlWKze0Qy1oIey8LoNfUHr-50WRlf4UNRJmr0QSSvAJ4YZeHeZ4mIJjOqi8cqUOILIgN_wAuyzrjPo8WitivdSQWMpLEwzG2i6q1nWA38DFOGcVWKSYR-Ip2jlgNAAGuh6Cc4omT5ygYyOxTKM9m-RN3NxERZeAKEtIQeZ1X5cE54IFw20z3OOps-AbSNq9_0GbYpQJpUnUvqQgqahdd0pTdwi727SWJFm2MTt7UIxnpD59vzNgSmM4E11wfcnpp3QcU.GpfnHqjkLsUGs6lmmWbpElgVeluq8e-BLvJvHpPIFfQ&dib_tag=se&keywords=pants&qid=1758558967&sprefix=pants%2Caps%2C236&sr=8-10,GRECIILOOKS Men's Lycra Cargo Track Pants – Loose Fit Joggers for Men | Korean Style Travel & Lounge Wear with Pockets (Available in Plus Size and Combo Pack of 2),GRECIILOOKS,1999,399,80,3.9,3086,Machine Wash,Pull On,India,Standard Length,Poly Lycra,"Graduation, Bachelor Party, Anniversary, Honeymoon, Birthday",Single Pack
https://www.amazon.in/SMOWKLY-Lightweight-Wrinkle-Free-Comfortable-1649_CK_32/dp/B0DRJJT58M/ref=sr_1_9?crid=2K91KPZM8IIUC&dib=eyJ2IjoiMSJ9.AFZYl56m8rLgcZ8Wy8rh-j286EJvUDnReCwWMNLmlWKze0Qy1oIey8LoNfUHr-50WRlf4UNRJmr0QSSvAJ4YZeHeZ4mIJjOqi8cqUOILIgN_wAuyzrjPo8WitivdSQWMpLEwzG2i6q1nWA38DFOGcVWKSYR-Ip2jlgNAAGuh6Cc4omT5ygYyOxTKM9m-RN3NxERZeAKEtIQeZ1X5cE54IFw20z3OOps-AbSNq9_0GbYpQJpUnUvqQgqahdd0pTdwi727SWJFm2MTt7UIxnpD59vzNgSmM4E11wfcnpp3QcU.GpfnHqjkLsUGs6lmmWbpElgVeluq8e-BLvJvHpPIFfQ&dib_tag=se&keywords=pants&qid=1758558967&sprefix=pants%2Caps%2C236&sr=8-9,SMOWKLY Men's Premium Cotton Blend Relaxed Fit Casual Trouser || Flexible Elastic Waist with Drawstring || Comfortable Pant for Sweatpant & Casual Wear,SMOWKLY,1299,426,67,4.0,1049,Machine Wash,Drawstring,India,Long Length,Polycotton,"Bachelor Party, Diwali, Father's Day, Thanksgiving, Valentine's Day",Modern
https://www.amazon.in/Mehrang-Trousers-Pockets-Numeric-Regular/dp/B0DB5FHWGV/ref=sr_1_8?crid=2K91KPZM8IIUC&dib=eyJ2IjoiMSJ9.AFZYl56m8rLgcZ8Wy8rh-j286EJvUDnReCwWMNLmlWKze0Qy1oIey8LoNfUHr-50WRlf4UNRJmr0QSSvAJ4YZeHeZ4mIJjOqi8cqUOILIgN_wAuyzrjPo8WitivdSQWMpLEwzG2i6q1nWA38DFOGcVWKSYR-Ip2jlgNAAGuh6Cc4omT5ygYyOxTKM9m-RN3NxERZeAKEtIQeZ1X5cE54IFw20z3OOps-AbSNq9_0GbYpQJpUnUvqQgqahdd0pTdwi727SWJFm2MTt7UIxnpD59vzNgSmM4E11wfcnpp3QcU.GpfnHqjkLsUGs6lmmWbpElgVeluq8e-BLvJvHpPIFfQ&dib_tag=se&keywords=pants&qid=1758558967&sprefix=pants%2Caps%2C236&sr=8-8,Mehrang Men's Stretchable Stretchable Formal Pant Trousers | Stylish Slim Fit Men's Wear Trousers for Office or Party | Polycotton Knitted Fabric,Mehrang,1499,283,81,3.4,1211,Hand Wash Only,Button,India,Standard Length,Cotton Blend,Any occasion,Modern
https://www.amazon.in/SMOWKLY-Aesthetic-Cotton-Blend-Corduroy-1678_BRN_L/dp/B0FNKCC37H/ref=sr_1_7?crid=2K91KPZM8IIUC&dib=eyJ2IjoiMSJ9.AFZYl56m8rLgcZ8Wy8rh-j286EJvUDnReCwWMNLmlWKze0Qy1oIey8LoNfUHr-50WRlf4UNRJmr0QSSvAJ4YZeHeZ4mIJjOqi8cqUOILIgN_wAuyzrjPo8WitivdSQWMpLEwzG2i6q1nWA38DFOGcVWKSYR-Ip2jlgNAAGuh6Cc4omT5ygYyOxTKM9m-RN3NxERZeAKEtIQeZ1X5cE54IFw20z3OOps-AbSNq9_0GbYpQJpUnUvqQgqahdd0pTdwi727SWJFm2MTt7UIxnpD59vzNgSmM4E11wfcnpp3QcU.GpfnHqjkLsUGs6lmmWbpElgVeluq8e-BLvJvHpPIFfQ&dib_tag=se&keywords=pants&qid=1758558967&sprefix=pants%2Caps%2C236&sr=8-7,SMOWKLY Women's Aesthetic Cotton-Blend Wide Leg Pants with Pocket || Loose Comfy Elastic Waist Corduroy Textured Casual Work Trouser,SMOWKLY,3999,586,85,5.0,4,Machine Wash,Button,India,Long Length,Cotton Blend,"New Year, Diwali, Bachelor Party, Birthday, Valentine's Day",Womens straight leg trouser
https://www.amazon.in/Aesthetic-Streetwear-Oversized-Elastic-Relaxed/dp/B0FHRPBCZ2/ref=sr_1_6?crid=2K91KPZM8IIUC&dib=eyJ2IjoiMSJ9.AFZYl56m8rLgcZ8Wy8rh-j286EJvUDnReCwWMNLmlWKze0Qy1oIey8LoNfUHr-50WRlf4UNRJmr0QSSvAJ4YZeHeZ4mIJjOqi8cqUOILIgN_wAuyzrjPo8WitivdSQWMpLEwzG2i6q1nWA38DFOGcVWKSYR-Ip2jlgNAAGuh6Cc4omT5ygYyOxTKM9m-RN3NxERZeAKEtIQeZ1X5cE54IFw20z3OOps-AbSNq9_0GbYpQJpUnUvqQgqahdd0pTdwi727SWJFm2MTt7UIxnpD59vzNgSmM4E11wfcnpp3QcU.GpfnHqjkLsUGs6lmmWbpElgVeluq8e-BLvJvHpPIFfQ&dib_tag=se&keywords=pants&qid=1758558967&sprefix=pants%2Caps%2C236&sr=8-6,LEGASUS Aesthetic Gothic Wide Leg Pants for Men | Tribal Print Baggy Streetwear | Oversized Track Pants with Elastic Waist | Black and White Relaxed Fit Bottoms,LEGASUS,999,445,55,2.9,77,Hand Wash Only,Drawstring,India,N/A,Cotton,N/A,Modern
https://www.amazon.in/TOPLOT-Cargo-Trousers-Utility-Men-Camo-Cargo-5236-Green-34/dp/B0F13KWJS7/ref=sr_1_53?crid=2K91KPZM8IIUC&dib=eyJ2IjoiMSJ9.yH2AlnNv5CT544pvYBgrLvXEZJE3dRXUAnvaaoStJGignisMHBLjjXMU9rJ2xIltv1xk_6H3fT8IPsPd2xMymwJn2ekyGkSZMeDgbqCUrsrV9KQ_TnXBvlr-KwCGXu8UDhQkf9gMleUCbfpm5dQxaAJj1zHKMvp_ZfzIMCvK9yrA9DfJGKYKAQdbJ48uQ4T6O-9Qu_UHzZUCqveSgc6e9uQfR2BRvoN5UTm-jevLWE2JAPVK2dZux89wfqdbMVn4I_sv1-u840GN0kynZu4zw2Azp0VBoeFm0zQorrwIqi8.7Orw0Kygx7vx4ZleWEEGXLcmFzqgWkm6peTTl1JfCdo&dib_tag=se&keywords=pants&qid=1758558997&sprefix=pants%2Caps%2C236&sr=8-53&xpid=LB92lQMdehX_y,TOPLOT Men Cargo || Men Cargo Pants ||Camo Trousers || Utility Pants (5236),TOPLOT,2599,499,81,4.3,80,Machine Wash,Drawstring,India,Standard Length,Cotton,"Bachelor Party, Honeymoon, Birthday, Independence Day, Thanksgiving",Cargo
https://www.amazon.in/TOPLOT-Tactical-Cargo-Pants-Men-Cargo-5227-Dolphin-36/dp/B0DTTXM1R4/ref=sr_1_97?crid=2K91KPZM8IIUC&dib=eyJ2IjoiMSJ9.yH2AlnNv5CT544pvYBgrLvXEZJE3dRXUAnvaaoStJGignisMHBLjjXMU9rJ2xIltv1xk_6H3fT8IPsPd2xMymwJn2ekyGkSZMeDgbqCUrsrV9KQ_TnXBvlr-KwCGXu8UDhQkf9gMleUCbfpm5dQxaAJj1zHKMvp_ZfzIMCvK9yrA9DfJGKYKAQdbJ48uQ4T6O-9Qu_UHzZUCqveSgc6e9uQfR2BRvoN5UTm-jevLWE2JAPVK2dZux89wfqdbMVn4I_sv1-u840GN0kynZu4zw2Azp0VBoeFm0zQorrwIqi8.7Orw0Kygx7vx4ZleWEEGXLcmFzqgWkm6peTTl1JfCdo&dib_tag=se&keywords=pants&qid=1758558997&sprefix=pants%2Caps%2C236&sr=8-97&xpid=LB92lQMdehX_y,TOPLOT Men's Tactical Cargo Pant (5227),TOPLOT,2199,649,70,4.2,48,Machine Wash,Button,India,Standard Length,Cotton,"Bachelor Party, Anniversary, Honeymoon, Birthday, Valentine's Day",Cargo
https://www.amazon.in/Lymio-Cargo-Cotton-Cargos-Cargo-34-Green-2XL/dp/B0D91WYKLF/ref=sr_1_96?crid=2K91KPZM8IIUC&dib=eyJ2IjoiMSJ9.yH2AlnNv5CT544pvYBgrLvXEZJE3dRXUAnvaaoStJGignisMHBLjjXMU9rJ2xIltv1xk_6H3fT8IPsPd2xMymwJn2ekyGkSZMeDgbqCUrsrV9KQ_TnXBvlr-KwCGXu8UDhQkf9gMleUCbfpm5dQxaAJj1zHKMvp_ZfzIMCvK9yrA9DfJGKYKAQdbJ48uQ4T6O-9Qu_UHzZUCqveSgc6e9uQfR2BRvoN5UTm-jevLWE2JAPVK2dZux89wfqdbMVn4I_sv1-u840GN0kynZu4zw2Azp0VBoeFm0zQorrwIqi8.7Orw0Kygx7vx4ZleWEEGXLcmFzqgWkm6peTTl1JfCdo&dib_tag=se&keywords=pants&qid=1758558997&sprefix=pants%2Caps%2C236&sr=8-96&xpid=LB92lQMdehX_y,Lymio Men Cargo || Cotton Cargo Pants for Men || Regular Fit High Rise Solid Pants (1Cargo-34-37),Lymio,4599,649,86,4.0,2362,Machine Wash,Drawstring,India,Full Length,Cotton,Casual,Cargo
https://www.amazon.in/Trillion-Light-Straight-Trackpants-Darkgrey/dp/B0FLVSJ9T4/ref=sr_1_95?crid=2K91KPZM8IIUC&dib=eyJ2IjoiMSJ9.yH2AlnNv5CT544pvYBgrLvXEZJE3dRXUAnvaaoStJGignisMHBLjjXMU9rJ2xIltv1xk_6H3fT8IPsPd2xMymwJn2ekyGkSZMeDgbqCUrsrV9KQ_TnXBvlr-KwCGXu8UDhQkf9gMleUCbfpm5dQxaAJj1zHKMvp_ZfzIMCvK9yrA9DfJGKYKAQdbJ48uQ4T6O-9Qu_UHzZUCqveSgc6e9uQfR2BRvoN5UTm-jevLWE2JAPVK2dZux89wfqdbMVn4I_sv1-u840GN0kynZu4zw2Azp0VBoeFm0zQorrwIqi8.7Orw0Kygx7vx4ZleWEEGXLcmFzqgWkm6peTTl1JfCdo&dib_tag=se&keywords=pants&qid=1758558997&sprefix=pants%2Caps%2C236&sr=8-95&xpid=LB92lQMdehX_y,Trillion Light Fit Straight Fit Track Pant for Men | Lower for Men | Gym Trackpants,Trillion,1499,474,68,4.1,26,Machine Wash,Pull On,India,Standard Length,Polyester,N/A,Modern
https://www.amazon.in/GRECIILOOKS-Track-Trouser-Stylish-Regular/dp/B0DKP6JJRH/ref=sr_1_94?crid=2K91KPZM8IIUC&dib=eyJ2IjoiMSJ9.yH2AlnNv5CT544pvYBgrLvXEZJE3dRXUAnvaaoStJGignisMHBLjjXMU9rJ2xIltv1xk_6H3fT8IPsPd2xMymwJn2ekyGkSZMeDgbqCUrsrV9KQ_TnXBvlr-KwCGXu8UDhQkf9gMleUCbfpm5dQxaAJj1zHKMvp_ZfzIMCvK9yrA9DfJGKYKAQdbJ48uQ4T6O-9Qu_UHzZUCqveSgc6e9uQfR2BRvoN5UTm-jevLWE2JAPVK2dZux89wfqdbMVn4I_sv1-u840GN0kynZu4zw2Azp0VBoeFm0zQorrwIqi8.7Orw0Kygx7vx4ZleWEEGXLcmFzqgWkm6peTTl1JfCdo&dib_tag=se&keywords=pants&qid=1758558997&sprefix=pants%2Caps%2C236&sr=8-94&xpid=LB92lQMdehX_y,GRECIILOOKS Men's Loose Mid Rise Casual Trousers Pants | Regular | Sports Stylish Treck Pant | Sweatpants (Available in Plus Size and Combo Pack of 2),GRECIILOOKS,1999,429,79,3.9,2121,Machine Wash,Pull On,India,Mid Length,Lycra,N/A,Single Pack
https://www.amazon.in/Peter-England-Pants-PCTFSSSB674064_Size-Brown/dp/B0D6NHPVDJ/ref=sr_1_93?crid=2K91KPZM8IIUC&dib=eyJ2IjoiMSJ9.yH2AlnNv5CT544pvYBgrLvXEZJE3dRXUAnvaaoStJGignisMHBLjjXMU9rJ2xIltv1xk_6H3fT8IPsPd2xMymwJn2ekyGkSZMeDgbqCUrsrV9KQ_TnXBvlr-KwCGXu8UDhQkf9gMleUCbfpm5dQxaAJj1zHKMvp_ZfzIMCvK9yrA9DfJGKYKAQdbJ48uQ4T6O-9Qu_UHzZUCqveSgc6e9uQfR2BRvoN5UTm-jevLWE2JAPVK2dZux89wfqdbMVn4I_sv1-u840GN0kynZu4zw2Azp0VBoeFm0zQorrwIqi8.7Orw0Kygx7vx4ZleWEEGXLcmFzqgWkm6peTTl1JfCdo&dib_tag=se&keywords=pants&qid=1758558997&sprefix=pants%2Caps%2C236&sr=8-93&xpid=LB92lQMdehX_y,Peter England Men's Slim Fit Mid Rise Pants,Peter England,1999,899,55,4.2,17,Machine Wash,Button,India,Full Length [NA],Cotton Blend,Casual,Chino
https://www.amazon.in/Peter-England-Super-Skinny-PJDNCNSTPZ82050_Navy/dp/B0F9DZ9CDK/ref=sr_1_92?crid=2K91KPZM8IIUC&dib=eyJ2IjoiMSJ9.yH2AlnNv5CT544pvYBgrLvXEZJE3dRXUAnvaaoStJGignisMHBLjjXMU9rJ2xIltv1xk_6H3fT8IPsPd2xMymwJn2ekyGkSZMeDgbqCUrsrV9KQ_TnXBvlr-KwCGXu8UDhQkf9gMleUCbfpm5dQxaAJj1zHKMvp_ZfzIMCvK9yrA9DfJGKYKAQdbJ48uQ4T6O-9Qu_UHzZUCqveSgc6e9uQfR2BRvoN5UTm-jevLWE2JAPVK2dZux89wfqdbMVn4I_sv1-u840GN0kynZu4zw2Azp0VBoeFm0zQorrwIqi8.7Orw0Kygx7vx4ZleWEEGXLcmFzqgWkm6peTTl1JfCdo&dib_tag=se&keywords=pants&qid=1758558997&sprefix=pants%2Caps%2C236&sr=8-92&xpid=LB92lQMdehX_y,Peter England Men's Slim Tapered Jeans | Denim Mid Wash | Casual Wear | Modern Fit,Peter England,1999,899,55,3.8,4,Machine Wash,Button,India,N/A,Cotton Blend,N/A,Chino
https://www.amazon.in/Jack-Jini-Stretchable-Expandable-Lightweight/dp/B0BJVDKRBZ/ref=sr_1_91?crid=2K91KPZM8IIUC&dib=eyJ2IjoiMSJ9.yH2AlnNv5CT544pvYBgrLvXEZJE3dRXUAnvaaoStJGignisMHBLjjXMU9rJ2xIltv1xk_6H3fT8IPsPd2xMymwJn2ekyGkSZMeDgbqCUrsrV9KQ_TnXBvlr-KwCGXu8UDhQkf9gMleUCbfpm5dQxaAJj1zHKMvp_ZfzIMCvK9yrA9DfJGKYKAQdbJ48uQ4T6O-9Qu_UHzZUCqveSgc6e9uQfR2BRvoN5UTm-jevLWE2JAPVK2dZux89wfqdbMVn4I_sv1-u840GN0kynZu4zw2Azp0VBoeFm0zQorrwIqi8.7Orw0Kygx7vx4ZleWEEGXLcmFzqgWkm6peTTl1JfCdo&dib_tag=se&keywords=pants&qid=1758558997&sprefix=pants%2Caps%2C236&sr=8-91&xpid=LB92lQMdehX_y,"Jack and Jini Formal Pant with Expandable Waist for Men. Regular Fit, Flat Front, Premium Lycra Fabric for Office, Party and Casual Wear",Jack and Jini,1999,939,53,3.6,1231,Machine Wash,Zipper,India,Standard Length,Polycotton,"Wedding, Bachelor Party, Office Wear, Anniversary, Business",Classic
https://www.amazon.in/Pinkmint-Spendex-Regular-Active-Jogger/dp/B0DR8SVR6X/ref=sr_1_90?crid=2K91KPZM8IIUC&dib=eyJ2IjoiMSJ9.yH2AlnNv5CT544pvYBgrLvXEZJE3dRXUAnvaaoStJGignisMHBLjjXMU9rJ2xIltv1xk_6H3fT8IPsPd2xMymwJn2ekyGkSZMeDgbqCUrsrV9KQ_TnXBvlr-KwCGXu8UDhQkf9gMleUCbfpm5dQxaAJj1zHKMvp_ZfzIMCvK9yrA9DfJGKYKAQdbJ48uQ4T6O-9Qu_UHzZUCqveSgc6e9uQfR2BRvoN5UTm-jevLWE2JAPVK2dZux89wfqdbMVn4I_sv1-u840GN0kynZu4zw2Azp0VBoeFm0zQorrwIqi8.7Orw0Kygx7vx4ZleWEEGXLcmFzqgWkm6peTTl1JfCdo&dib_tag=se&keywords=pants&qid=1758558997&sprefix=pants%2Caps%2C236&sr=8-90&xpid=LB92lQMdehX_y,Pinkmint Track Pant for Men Spendex Regular Fit Active Wear Jogger l Sports Wear l Gym Track Pants (Pack of 3),Pinkmint,1999,499,75,3.7,681,Hand Wash Only,Drawstring,India,Full Length,Spandex,"Gym Wear, Yoga Wear, Sports",Classic
https://www.amazon.in/Lymio-Regular-Causal-Trouser-TR-22-2XL/dp/B0DZCSD56M/ref=sr_1_89?crid=2K91KPZM8IIUC&dib=eyJ2IjoiMSJ9.yH2AlnNv5CT544pvYBgrLvXEZJE3dRXUAnvaaoStJGignisMHBLjjXMU9rJ2xIltv1xk_6H3fT8IPsPd2xMymwJn2ekyGkSZMeDgbqCUrsrV9KQ_TnXBvlr-KwCGXu8UDhQkf9gMleUCbfpm5dQxaAJj1zHKMvp_ZfzIMCvK9yrA9DfJGKYKAQdbJ48uQ4T6O-9Qu_UHzZUCqveSgc6e9uQfR2BRvoN5UTm-jevLWE2JAPVK2dZux89wfqdbMVn4I_sv1-u840GN0kynZu4zw2Azp0VBoeFm0zQorrwIqi8.7Orw0Kygx7vx4ZleWEEGXLcmFzqgWkm6peTTl1JfCdo&dib_tag=se&keywords=pants&qid=1758558997&sprefix=pants%2Caps%2C236&sr=8-89&xpid=LB92lQMdehX_y,Lymio Men High Rise Regular Fit Causal Trouser || Pant (TR-20-23),Lymio,4999,449,91,3.9,332,Machine Wash,Drawstring,India,Standard Length,Polyester,N/A,Jogger
https://www.amazon.in/Linaria-Loose-Baggy-Numeric-Regular/dp/B0FG1KPW5M/ref=sr_1_88?crid=2K91KPZM8IIUC&dib=eyJ2IjoiMSJ9.yH2AlnNv5CT544pvYBgrLvXEZJE3dRXUAnvaaoStJGignisMHBLjjXMU9rJ2xIltv1xk_6H3fT8IPsPd2xMymwJn2ekyGkSZMeDgbqCUrsrV9KQ_TnXBvlr-KwCGXu8UDhQkf9gMleUCbfpm5dQxaAJj1zHKMvp_ZfzIMCvK9yrA9DfJGKYKAQdbJ48uQ4T6O-9Qu_UHzZUCqveSgc6e9uQfR2BRvoN5UTm-jevLWE2JAPVK2dZux89wfqdbMVn4I_sv1-u840GN0kynZu4zw2Azp0VBoeFm0zQorrwIqi8.7Orw0Kygx7vx4ZleWEEGXLcmFzqgWkm6peTTl1JfCdo&dib_tag=se&keywords=pants&qid=1758558997&sprefix=pants%2Caps%2C236&sr=8-88&xpid=LB92lQMdehX_y,"Linaria Loose Fit Baggy Jeans, Plain Beige (in, Numeric, 30, Regular, Beige)",Generic,1299,474,64,5.0,4,Machine Wash,Button,India,Full Length,Cotton,Casual,Casual
https://www.amazon.in/Alan-Jones-Solid-Joggers-JOG18-D95-MIL-L_Large_Melange/dp/B07C9T8LL1/ref=sr_1_87?crid=2K91KPZM8IIUC&dib=eyJ2IjoiMSJ9.yH2AlnNv5CT544pvYBgrLvXEZJE3dRXUAnvaaoStJGignisMHBLjjXMU9rJ2xIltv1xk_6H3fT8IPsPd2xMymwJn2ekyGkSZMeDgbqCUrsrV9KQ_TnXBvlr-KwCGXu8UDhQkf9gMleUCbfpm5dQxaAJj1zHKMvp_ZfzIMCvK9yrA9DfJGKYKAQdbJ48uQ4T6O-9Qu_UHzZUCqveSgc6e9uQfR2BRvoN5UTm-jevLWE2JAPVK2dZux89wfqdbMVn4I_sv1-u840GN0kynZu4zw2Azp0VBoeFm0zQorrwIqi8.7Orw0Kygx7vx4ZleWEEGXLcmFzqgWkm6peTTl1JfCdo&dib_tag=se&keywords=pants&qid=1758558997&sprefix=pants%2Caps%2C236&sr=8-87&xpid=LB92lQMdehX_y,"Alan Jones Clothing Men Mid Rise Cotton Blend Joggers Track Pants | French Terry | Zipper Pocket | Casual, Gym & Lounge Wear",Alan Jones Clothing,1299,474,64,3.9,18777,Machine Wash,Drawstring,India,Full length,Cotton Blend,"Evening, Casual, Sports",Joggers
https://www.amazon.in/LOUIS-SENSE-Loose-Pants-TROUSER-09_LIGHTGREY/dp/B0F3HZ51XQ/ref=sr_1_86?crid=2K91KPZM8IIUC&dib=eyJ2IjoiMSJ9.yH2AlnNv5CT544pvYBgrLvXEZJE3dRXUAnvaaoStJGignisMHBLjjXMU9rJ2xIltv1xk_6H3fT8IPsPd2xMymwJn2ekyGkSZMeDgbqCUrsrV9KQ_TnXBvlr-KwCGXu8UDhQkf9gMleUCbfpm5dQxaAJj1zHKMvp_ZfzIMCvK9yrA9DfJGKYKAQdbJ48uQ4T6O-9Qu_UHzZUCqveSgc6e9uQfR2BRvoN5UTm-jevLWE2JAPVK2dZux89wfqdbMVn4I_sv1-u840GN0kynZu4zw2Azp0VBoeFm0zQorrwIqi8.7Orw0Kygx7vx4ZleWEEGXLcmFzqgWkm6peTTl1JfCdo&dib_tag=se&keywords=pants&qid=1758558997&sprefix=pants%2Caps%2C236&sr=8-86&xpid=LB92lQMdehX_y,LOUIS SENSE Men's Loose Pants,LOUIS SENSE,2999,399,87,3.2,127,Machine Wash,Drawstring,India,Full length,Polycotton,Any occasion,Modern
https://www.amazon.in/Jeans-Cargo-Q-04-05-Numeric-Blue/dp/B0DFH5D5WJ/ref=sr_1_85?crid=2K91KPZM8IIUC&dib=eyJ2IjoiMSJ9.yH2AlnNv5CT544pvYBgrLvXEZJE3dRXUAnvaaoStJGignisMHBLjjXMU9rJ2xIltv1xk_6H3fT8IPsPd2xMymwJn2ekyGkSZMeDgbqCUrsrV9KQ_TnXBvlr-KwCGXu8UDhQkf9gMleUCbfpm5dQxaAJj1zHKMvp_ZfzIMCvK9yrA9DfJGKYKAQdbJ48uQ4T6O-9Qu_UHzZUCqveSgc6e9uQfR2BRvoN5UTm-jevLWE2JAPVK2dZux89wfqdbMVn4I_sv1-u840GN0kynZu4zw2Azp0VBoeFm0zQorrwIqi8.7Orw0Kygx7vx4ZleWEEGXLcmFzqgWkm6peTTl1JfCdo&dib_tag=se&keywords=pants&qid=1758558997&sprefix=pants%2Caps%2C236&sr=8-85&xpid=LB92lQMdehX_y,Men Jeans || Jeans for Men || Cargo Jeans (Q-04-05),QNIM,4999,629,87,4.0,897,Machine Wash,Zipper,India,Standard Length,Cotton Denim,N/A,Men Jeans
https://www.amazon.in/Majestic-Man-Cotton-Casual-Trousers/dp/B0BS927N7M/ref=sr_1_84?crid=2K91KPZM8IIUC&dib=eyJ2IjoiMSJ9.yH2AlnNv5CT544pvYBgrLvXEZJE3dRXUAnvaaoStJGignisMHBLjjXMU9rJ2xIltv1xk_6H3fT8IPsPd2xMymwJn2ekyGkSZMeDgbqCUrsrV9KQ_TnXBvlr-KwCGXu8UDhQkf9gMleUCbfpm5dQxaAJj1zHKMvp_ZfzIMCvK9yrA9DfJGKYKAQdbJ48uQ4T6O-9Qu_UHzZUCqveSgc6e9uQfR2BRvoN5UTm-jevLWE2JAPVK2dZux89wfqdbMVn4I_sv1-u840GN0kynZu4zw2Azp0VBoeFm0zQorrwIqi8.7Orw0Kygx7vx4ZleWEEGXLcmFzqgWkm6peTTl1JfCdo&dib_tag=se&keywords=pants&qid=1758558997&sprefix=pants%2Caps%2C236&sr=8-84&xpid=LB92lQMdehX_y,Majestic Man Men's Slim Fit Mid Rise Trouser,Majestic Man,1499,469,69,3.8,772,Machine Wash,Button,India,Ankle Length,Cotton Blend,"Wedding, Diwali, Anniversary, Birthday, Valentine's Day",Chino
https://www.amazon.in/Max-Womens-Regular-Track-SP25SE06_Brown/dp/B0DQY7K5WZ/ref=sr_1_83?crid=2K91KPZM8IIUC&dib=eyJ2IjoiMSJ9.yH2AlnNv5CT544pvYBgrLvXEZJE3dRXUAnvaaoStJGignisMHBLjjXMU9rJ2xIltv1xk_6H3fT8IPsPd2xMymwJn2ekyGkSZMeDgbqCUrsrV9KQ_TnXBvlr-KwCGXu8UDhQkf9gMleUCbfpm5dQxaAJj1zHKMvp_ZfzIMCvK9yrA9DfJGKYKAQdbJ48uQ4T6O-9Qu_UHzZUCqveSgc6e9uQfR2BRvoN5UTm-jevLWE2JAPVK2dZux89wfqdbMVn4I_sv1-u840GN0kynZu4zw2Azp0VBoeFm0zQorrwIqi8.7Orw0Kygx7vx4ZleWEEGXLcmFzqgWkm6peTTl1JfCdo&dib_tag=se&keywords=pants&qid=1758558997&sprefix=pants%2Caps%2C236&sr=8-83&xpid=LB92lQMdehX_y,Max Women's Regular Track Pants,Max,699,599,14,4.0,19,Machine Wash,Drawstring,India,N/A,Cotton Blend,N/A,Classic
https://www.amazon.in/Peter-England-Rise-Pants-PCTFSSSPC40840_Black/dp/B0DT9NHSZJ/ref=sr_1_82?crid=2K91KPZM8IIUC&dib=eyJ2IjoiMSJ9.yH2AlnNv5CT544pvYBgrLvXEZJE3dRXUAnvaaoStJGignisMHBLjjXMU9rJ2xIltv1xk_6H3fT8IPsPd2xMymwJn2ekyGkSZMeDgbqCUrsrV9KQ_TnXBvlr-KwCGXu8UDhQkf9gMleUCbfpm5dQxaAJj1zHKMvp_ZfzIMCvK9yrA9DfJGKYKAQdbJ48uQ4T6O-9Qu_UHzZUCqveSgc6e9uQfR2BRvoN5UTm-jevLWE2JAPVK2dZux89wfqdbMVn4I_sv1-u840GN0kynZu4zw2Azp0VBoeFm0zQorrwIqi8.7Orw0Kygx7vx4ZleWEEGXLcmFzqgWkm6peTTl1JfCdo&dib_tag=se&keywords=pants&qid=1758558997&sprefix=pants%2Caps%2C236&sr=8-82&xpid=LB92lQMdehX_y,Peter England Men's Slim Fit Mid Rise Super Chino Casual Trouser,Peter England,1999,899,55,3.9,71,Machine Wash,Button,India,Standard Length,Cotton Blend,N/A,Classic
https://www.amazon.in/Greciilooks-Lycra-Cargo-Track-Pants/dp/B0DSW9B1SK/ref=sr_1_81?crid=2K91KPZM8IIUC&dib=eyJ2IjoiMSJ9.yH2AlnNv5CT544pvYBgrLvXEZJE3dRXUAnvaaoStJGignisMHBLjjXMU9rJ2xIltv1xk_6H3fT8IPsPd2xMymwJn2ekyGkSZMeDgbqCUrsrV9KQ_TnXBvlr-KwCGXu8UDhQkf9gMleUCbfpm5dQxaAJj1zHKMvp_ZfzIMCvK9yrA9DfJGKYKAQdbJ48uQ4T6O-9Qu_UHzZUCqveSgc6e9uQfR2BRvoN5UTm-jevLWE2JAPVK2dZux89wfqdbMVn4I_sv1-u840GN0kynZu4zw2Azp0VBoeFm0zQorrwIqi8.7Orw0Kygx7vx4ZleWEEGXLcmFzqgWkm6peTTl1JfCdo&dib_tag=se&keywords=pants&qid=1758558997&sprefix=pants%2Caps%2C236&sr=8-81&xpid=LB92lQMdehX_y,GRECIILOOKS Men Mid Rise Lycra Cargo Track Pants Loose Fit Joggers | Korean Style Travel & Lounge Wear with Pockets (Combo Pack of 2),GRECIILOOKS,1999,399,80,4.0,275,Machine Wash,Drawstring,India,Standard Length,POLY LYCRA,"New Year, Anniversary, Honeymoon, Birthday, Valentine's Day",Single Pack
https://www.amazon.in/U-S-POLO-ASSN-Solid-Lounge/dp/B0D9845MFH/ref=sr_1_80?crid=2K91KPZM8IIUC&dib=eyJ2IjoiMSJ9.yH2AlnNv5CT544pvYBgrLvXEZJE3dRXUAnvaaoStJGignisMHBLjjXMU9rJ2xIltv1xk_6H3fT8IPsPd2xMymwJn2ekyGkSZMeDgbqCUrsrV9KQ_TnXBvlr-KwCGXu8UDhQkf9gMleUCbfpm5dQxaAJj1zHKMvp_ZfzIMCvK9yrA9DfJGKYKAQdbJ48uQ4T6O-9Qu_UHzZUCqveSgc6e9uQfR2BRvoN5UTm-jevLWE2JAPVK2dZux89wfqdbMVn4I_sv1-u840GN0kynZu4zw2Azp0VBoeFm0zQorrwIqi8.7Orw0Kygx7vx4ZleWEEGXLcmFzqgWkm6peTTl1JfCdo&dib_tag=se&keywords=pants&qid=1758558997&sprefix=pants%2Caps%2C236&sr=8-80&xpid=LB92lQMdehX_y,U.S. POLO ASSN. Men's Comfort Fit Mid Rise Pants,U.S. POLO ASSN.,1099,945,14,3.8,171,Machine Wash,Drawstring,India,Ankel Length,Cotton,Casual,Lounge Pants
https://www.amazon.in/TOPLOT-Functional-Straight-Fit-Men-Zip-Cargo-5216-Dark-Grey-32/dp/B0DQYDWZCC/ref=sr_1_79?crid=2K91KPZM8IIUC&dib=eyJ2IjoiMSJ9.yH2AlnNv5CT544pvYBgrLvXEZJE3dRXUAnvaaoStJGignisMHBLjjXMU9rJ2xIltv1xk_6H3fT8IPsPd2xMymwJn2ekyGkSZMeDgbqCUrsrV9KQ_TnXBvlr-KwCGXu8UDhQkf9gMleUCbfpm5dQxaAJj1zHKMvp_ZfzIMCvK9yrA9DfJGKYKAQdbJ48uQ4T6O-9Qu_UHzZUCqveSgc6e9uQfR2BRvoN5UTm-jevLWE2JAPVK2dZux89wfqdbMVn4I_sv1-u840GN0kynZu4zw2Azp0VBoeFm0zQorrwIqi8.7Orw0Kygx7vx4ZleWEEGXLcmFzqgWkm6peTTl1JfCdo&dib_tag=se&keywords=pants&qid=1758558997&sprefix=pants%2Caps%2C236&sr=8-79&xpid=LB92lQMdehX_y,TOPLOT Men's Functional Straight-Fit Cargo Pants (V-5216),TOPLOT,1999,599,70,3.6,692,Machine Wash,Button,India,Standard Length,Cotton,"Graduation, Bachelor Party, Honeymoon, Birthday, Thanksgiving",Single
https://www.amazon.in/SWADESI-STUFF-Corduroy-Mid-Rise-Waistband/dp/B0F83GNYGX/ref=sr_1_104?crid=2K91KPZM8IIUC&dib=eyJ2IjoiMSJ9.yH2AlnNv5CT544pvYBgrLvXEZJE3dRXUAnvaaoStJGignisMHBLjjXMU9rJ2xIltv1xk_6H3fT8IPsPd2xMymwJn2ekyGkSZMeDgbqCUrsrV9KQ_TnXBvlr-KwCGXu8UDhQkf9gMleUCbfpm5dQxaAJj1zHKMvp_ZfzIMCvK9yrA9DfJGKYKAQdbJ48uQ4T6O-9Qu_UHzZUCqveSgc6e9uQfR2BRvoN5UTm-jevLWE2JAPVK2dZux89wfqdbMVn4I_sv1-u840GN0kynZu4zw2Azp0VBoeFm0zQorrwIqi8.7Orw0Kygx7vx4ZleWEEGXLcmFzqgWkm6peTTl1JfCdo&dib_tag=se&keywords=pants&qid=1758558997&sprefix=pants%2Caps%2C236&sr=8-104&xpid=LB92lQMdehX_y,"SWADESI STUFF Men's Corduroy Track Pants | Self Design, Mid-Rise Fit, Flexi Waistband - Retro-Inspired Straight Fit Lounge & Casual Wear",SWADESI STUFF,1299,369,72,3.6,106,Machine Wash,Drawstring,India,Standard Length,Corduroy Track Pants,N/A,Corduroy Track Pants
https://www.amazon.in/LITZO-Cotton-Cargo-Womens-L-112-M/dp/B0FKZXHNCZ/ref=sr_1_103?crid=2K91KPZM8IIUC&dib=eyJ2IjoiMSJ9.yH2AlnNv5CT544pvYBgrLvXEZJE3dRXUAnvaaoStJGignisMHBLjjXMU9rJ2xIltv1xk_6H3fT8IPsPd2xMymwJn2ekyGkSZMeDgbqCUrsrV9KQ_TnXBvlr-KwCGXu8UDhQkf9gMleUCbfpm5dQxaAJj1zHKMvp_ZfzIMCvK9yrA9DfJGKYKAQdbJ48uQ4T6O-9Qu_UHzZUCqveSgc6e9uQfR2BRvoN5UTm-jevLWE2JAPVK2dZux89wfqdbMVn4I_sv1-u840GN0kynZu4zw2Azp0VBoeFm0zQorrwIqi8.7Orw0Kygx7vx4ZleWEEGXLcmFzqgWkm6peTTl1JfCdo&dib_tag=se&keywords=pants&qid=1758558997&sprefix=pants%2Caps%2C236&sr=8-103&xpid=LB92lQMdehX_y,LITZO Cotton Cargo Pants for Women || Womens Cargo Pant (L-110-113),LITZO,3999,599,85,4.8,53,Machine Wash,Drawstring,India,N/A,Cotton,N/A,Cargo
https://www.amazon.in/McHenry-Regular-PolyViscose-Trousers-Beige4005-40_Beige_Size/dp/B01LCXGOLW/ref=sr_1_102?crid=2K91KPZM8IIUC&dib=eyJ2IjoiMSJ9.yH2AlnNv5CT544pvYBgrLvXEZJE3dRXUAnvaaoStJGignisMHBLjjXMU9rJ2xIltv1xk_6H3fT8IPsPd2xMymwJn2ekyGkSZMeDgbqCUrsrV9KQ_TnXBvlr-KwCGXu8UDhQkf9gMleUCbfpm5dQxaAJj1zHKMvp_ZfzIMCvK9yrA9DfJGKYKAQdbJ48uQ4T6O-9Qu_UHzZUCqveSgc6e9uQfR2BRvoN5UTm-jevLWE2JAPVK2dZux89wfqdbMVn4I_sv1-u840GN0kynZu4zw2Azp0VBoeFm0zQorrwIqi8.7Orw0Kygx7vx4ZleWEEGXLcmFzqgWkm6peTTl1JfCdo&dib_tag=se&keywords=pants&qid=1758558997&sprefix=pants%2Caps%2C236&sr=8-102&xpid=LB92lQMdehX_y,McHenry Men's Solid Formal Regular Fit Wrinkle Free PolyViscose Trousers,Mc Henry,2499,759,70,3.7,9521,Machine Wash,Button and zip,India,Full length,Polyester Blend,Business,Formal Trousers
https://www.amazon.in/Urbano-Fashion-Trousers-Stretch-chino-black-40/dp/B08B3YVGSS/ref=sr_1_101?crid=2K91KPZM8IIUC&dib=eyJ2IjoiMSJ9.yH2AlnNv5CT544pvYBgrLvXEZJE3dRXUAnvaaoStJGignisMHBLjjXMU9rJ2xIltv1xk_6H3fT8IPsPd2xMymwJn2ekyGkSZMeDgbqCUrsrV9KQ_TnXBvlr-KwCGXu8UDhQkf9gMleUCbfpm5dQxaAJj1zHKMvp_ZfzIMCvK9yrA9DfJGKYKAQdbJ48uQ4T6O-9Qu_UHzZUCqveSgc6e9uQfR2BRvoN5UTm-jevLWE2JAPVK2dZux89wfqdbMVn4I_sv1-u840GN0kynZu4zw2Azp0VBoeFm0zQorrwIqi8.7Orw0Kygx7vx4ZleWEEGXLcmFzqgWkm6peTTl1JfCdo&dib_tag=se&keywords=pants&qid=1758558997&sprefix=pants%2Caps%2C236&sr=8-101&xpid=LB92lQMdehX_y,Urbano Fashion Men's Slim Fit Mid Rise Cotton Casual Chinos Trousers Stretch,Urbano Fashion,1699,509,70,3.6,8937,Machine Wash,Button,India,Standard Length,Cotton,Casual,Chino
https://www.amazon.in/minicult-Regular-Cotton-Pajama-Dinosaur/dp/B0F42L3PN1/ref=sr_1_100?crid=2K91KPZM8IIUC&dib=eyJ2IjoiMSJ9.yH2AlnNv5CT544pvYBgrLvXEZJE3dRXUAnvaaoStJGignisMHBLjjXMU9rJ2xIltv1xk_6H3fT8IPsPd2xMymwJn2ekyGkSZMeDgbqCUrsrV9KQ_TnXBvlr-KwCGXu8UDhQkf9gMleUCbfpm5dQxaAJj1zHKMvp_ZfzIMCvK9yrA9DfJGKYKAQdbJ48uQ4T6O-9Qu_UHzZUCqveSgc6e9uQfR2BRvoN5UTm-jevLWE2JAPVK2dZux89wfqdbMVn4I_sv1-u840GN0kynZu4zw2Azp0VBoeFm0zQorrwIqi8.7Orw0Kygx7vx4ZleWEEGXLcmFzqgWkm6peTTl1JfCdo&dib_tag=se&keywords=pants&qid=1758558997&sprefix=pants%2Caps%2C236&sr=8-100&xpid=LB92lQMdehX_y,minicult Cotton Pajama Pants with All Over Print for Boys and Girls (Multicolor Designs)(Pack of 5),minicult,2999,719,76,4.0,32273,Machine Wash,Pull On,India,Full Length,N/A,N/A,Pajamas
https://www.amazon.in/RynoGear-Regular-Ultra-Lightweight-Dryfit/dp/B0DNN1BGQK/ref=sr_1_99?crid=2K91KPZM8IIUC&dib=eyJ2IjoiMSJ9.yH2AlnNv5CT544pvYBgrLvXEZJE3dRXUAnvaaoStJGignisMHBLjjXMU9rJ2xIltv1xk_6H3fT8IPsPd2xMymwJn2ekyGkSZMeDgbqCUrsrV9KQ_TnXBvlr-KwCGXu8UDhQkf9gMleUCbfpm5dQxaAJj1zHKMvp_ZfzIMCvK9yrA9DfJGKYKAQdbJ48uQ4T6O-9Qu_UHzZUCqveSgc6e9uQfR2BRvoN5UTm-jevLWE2JAPVK2dZux89wfqdbMVn4I_sv1-u840GN0kynZu4zw2Azp0VBoeFm0zQorrwIqi8.7Orw0Kygx7vx4ZleWEEGXLcmFzqgWkm6peTTl1JfCdo&dib_tag=se&keywords=pants&qid=1758558997&sprefix=pants%2Caps%2C236&sr=8-99&xpid=LB92lQMdehX_y,"RynoGear Regular Fit Ultra Lightweight Dryfit Track Pant for Men for Sports, Cricket, Gym, Running and Yoga",RynoGear,1999,449,78,4.0,442,Machine Wash,Drawstring,India,Ankle [NA],Polyester Blend,N/A,Jogger
https://www.amazon.in/Waisted-Drawstring-Athletic-Joggers-Pockets/dp/B0F3JK3FTP/ref=sr_1_98?crid=2K91KPZM8IIUC&dib=eyJ2IjoiMSJ9.yH2AlnNv5CT544pvYBgrLvXEZJE3dRXUAnvaaoStJGignisMHBLjjXMU9rJ2xIltv1xk_6H3fT8IPsPd2xMymwJn2ekyGkSZMeDgbqCUrsrV9KQ_TnXBvlr-KwCGXu8UDhQkf9gMleUCbfpm5dQxaAJj1zHKMvp_ZfzIMCvK9yrA9DfJGKYKAQdbJ48uQ4T6O-9Qu_UHzZUCqveSgc6e9uQfR2BRvoN5UTm-jevLWE2JAPVK2dZux89wfqdbMVn4I_sv1-u840GN0kynZu4zw2Azp0VBoeFm0zQorrwIqi8.7Orw0Kygx7vx4ZleWEEGXLcmFzqgWkm6peTTl1JfCdo&dib_tag=se&keywords=pants&qid=1758558997&sprefix=pants%2Caps%2C236&sr=8-98&xpid=LB92lQMdehX_y,Q - RIOUS Women's Wide Leg High Waisted Baggy Lounge Sweat Pants Drawstring Athletic Flared Joggers with Pockets,Q - RIOUS,1499,329,78,3.9,139,Machine Wash,Drawstring,India,Standard Length,Cotton Blend,N/A,Jogger
https://www.amazon.in/Jack-Jini-Lightweight-Polyester-Stretchable/dp/B0CMQZ7NTL/ref=sr_1_78?crid=2K91KPZM8IIUC&dib=eyJ2IjoiMSJ9.yH2AlnNv5CT544pvYBgrLvXEZJE3dRXUAnvaaoStJGignisMHBLjjXMU9rJ2xIltv1xk_6H3fT8IPsPd2xMymwJn2ekyGkSZMeDgbqCUrsrV9KQ_TnXBvlr-KwCGXu8UDhQkf9gMleUCbfpm5dQxaAJj1zHKMvp_ZfzIMCvK9yrA9DfJGKYKAQdbJ48uQ4T6O-9Qu_UHzZUCqveSgc6e9uQfR2BRvoN5UTm-jevLWE2JAPVK2dZux89wfqdbMVn4I_sv1-u840GN0kynZu4zw2Azp0VBoeFm0zQorrwIqi8.7Orw0Kygx7vx4ZleWEEGXLcmFzqgWkm6peTTl1JfCdo&dib_tag=se&keywords=pants&qid=1758558997&sprefix=pants%2Caps%2C236&sr=8-78&xpid=LB92lQMdehX_y,"Jack and Jini Formal Pant for Men. Regular Fit, Lightweight, Flat Front, Premium Cotton Polyester Blend Fabric. Office, Party and Casual Wear. Non Stretchable.",Jack and Jini,1499,499,67,3.6,323,Machine Wash,Button,India,Regular,Polyester Blend,"New Year, Wedding, Communion, Anniversary, Birthday",Classic
https://www.amazon.in/Peter-England-Utility-Pants-PETFWNSBA13429_Black/dp/B0CYPRQSMZ/ref=sr_1_77?crid=2K91KPZM8IIUC&dib=eyJ2IjoiMSJ9.yH2AlnNv5CT544pvYBgrLvXEZJE3dRXUAnvaaoStJGignisMHBLjjXMU9rJ2xIltv1xk_6H3fT8IPsPd2xMymwJn2ekyGkSZMeDgbqCUrsrV9KQ_TnXBvlr-KwCGXu8UDhQkf9gMleUCbfpm5dQxaAJj1zHKMvp_ZfzIMCvK9yrA9DfJGKYKAQdbJ48uQ4T6O-9Qu_UHzZUCqveSgc6e9uQfR2BRvoN5UTm-jevLWE2JAPVK2dZux89wfqdbMVn4I_sv1-u840GN0kynZu4zw2Azp0VBoeFm0zQorrwIqi8.7Orw0Kygx7vx4ZleWEEGXLcmFzqgWkm6peTTl1JfCdo&dib_tag=se&keywords=pants&qid=1758558997&sprefix=pants%2Caps%2C236&sr=8-77&xpid=LB92lQMdehX_y,Peter England Men Mid Rise Slim Fit Premium Flat Front Trouser,Peter England,1999,1115,44,3.9,121,Machine Wash,Button,India,Full length,Polyester Blend,Formal,Chino
https://www.amazon.in/LITZO-Cotton-Cargo-Womens-L-52-L/dp/B0F2M6PV1G/ref=sr_1_76?crid=2K91KPZM8IIUC&dib=eyJ2IjoiMSJ9.yH2AlnNv5CT544pvYBgrLvXEZJE3dRXUAnvaaoStJGignisMHBLjjXMU9rJ2xIltv1xk_6H3fT8IPsPd2xMymwJn2ekyGkSZMeDgbqCUrsrV9KQ_TnXBvlr-KwCGXu8UDhQkf9gMleUCbfpm5dQxaAJj1zHKMvp_ZfzIMCvK9yrA9DfJGKYKAQdbJ48uQ4T6O-9Qu_UHzZUCqveSgc6e9uQfR2BRvoN5UTm-jevLWE2JAPVK2dZux89wfqdbMVn4I_sv1-u840GN0kynZu4zw2Azp0VBoeFm0zQorrwIqi8.7Orw0Kygx7vx4ZleWEEGXLcmFzqgWkm6peTTl1JfCdo&dib_tag=se&keywords=pants&qid=1758558997&sprefix=pants%2Caps%2C236&sr=8-76&xpid=LB92lQMdehX_y,LITZO Cotton Cargo Pants for Women || Womens Cargo Pant (L-51-55),LITZO,3999,549,86,4.0,302,Machine Wash,Drawstring,India,Standard Length,Cotton,N/A,Cargo
https://www.amazon.in/GRECIILOOKS-Textured-Trousers-High-Waisted-Regular/dp/B0DSVZX76B/ref=sr_1_75?crid=2K91KPZM8IIUC&dib=eyJ2IjoiMSJ9.yH2AlnNv5CT544pvYBgrLvXEZJE3dRXUAnvaaoStJGignisMHBLjjXMU9rJ2xIltv1xk_6H3fT8IPsPd2xMymwJn2ekyGkSZMeDgbqCUrsrV9KQ_TnXBvlr-KwCGXu8UDhQkf9gMleUCbfpm5dQxaAJj1zHKMvp_ZfzIMCvK9yrA9DfJGKYKAQdbJ48uQ4T6O-9Qu_UHzZUCqveSgc6e9uQfR2BRvoN5UTm-jevLWE2JAPVK2dZux89wfqdbMVn4I_sv1-u840GN0kynZu4zw2Azp0VBoeFm0zQorrwIqi8.7Orw0Kygx7vx4ZleWEEGXLcmFzqgWkm6peTTl1JfCdo&dib_tag=se&keywords=pants&qid=1758558997&sprefix=pants%2Caps%2C236&sr=8-75&xpid=LB92lQMdehX_y,GRECIILOOKS Regular Women Trouser Pants,GRECIILOOKS,1999,449,78,3.8,1023,Machine Wash,Drawstring,India,Standard Length,Polycotton,"Bachelor Party, Anniversary, Honeymoon, Birthday, Valentine's Day",Single Pack
https://www.amazon.in/Pepe-Jeans-Athleisure-Stretch-Encased/dp/B0C3DC11LZ/ref=sr_1_74?crid=2K91KPZM8IIUC&dib=eyJ2IjoiMSJ9.yH2AlnNv5CT544pvYBgrLvXEZJE3dRXUAnvaaoStJGignisMHBLjjXMU9rJ2xIltv1xk_6H3fT8IPsPd2xMymwJn2ekyGkSZMeDgbqCUrsrV9KQ_TnXBvlr-KwCGXu8UDhQkf9gMleUCbfpm5dQxaAJj1zHKMvp_ZfzIMCvK9yrA9DfJGKYKAQdbJ48uQ4T6O-9Qu_UHzZUCqveSgc6e9uQfR2BRvoN5UTm-jevLWE2JAPVK2dZux89wfqdbMVn4I_sv1-u840GN0kynZu4zw2Azp0VBoeFm0zQorrwIqi8.7Orw0Kygx7vx4ZleWEEGXLcmFzqgWkm6peTTl1JfCdo&dib_tag=se&keywords=pants&qid=1758558997&sprefix=pants%2Caps%2C236&sr=8-74&xpid=LB92lQMdehX_y,Pepe Jeans Men's Regular Fit Mid Rise Track Pant,Pepe Jeans,1399,489,65,3.8,2730,Machine Wash,Pull On,India,Regular,Cotton,Date night,Classic
https://www.amazon.in/U-S-POLO-ASSN-Heathered-Cotton/dp/B0CHRTYYJJ/ref=sr_1_73?crid=2K91KPZM8IIUC&dib=eyJ2IjoiMSJ9.yH2AlnNv5CT544pvYBgrLvXEZJE3dRXUAnvaaoStJGignisMHBLjjXMU9rJ2xIltv1xk_6H3fT8IPsPd2xMymwJn2ekyGkSZMeDgbqCUrsrV9KQ_TnXBvlr-KwCGXu8UDhQkf9gMleUCbfpm5dQxaAJj1zHKMvp_ZfzIMCvK9yrA9DfJGKYKAQdbJ48uQ4T6O-9Qu_UHzZUCqveSgc6e9uQfR2BRvoN5UTm-jevLWE2JAPVK2dZux89wfqdbMVn4I_sv1-u840GN0kynZu4zw2Azp0VBoeFm0zQorrwIqi8.7Orw0Kygx7vx4ZleWEEGXLcmFzqgWkm6peTTl1JfCdo&dib_tag=se&keywords=pants&qid=1758558997&sprefix=pants%2Caps%2C236&sr=8-73&xpid=LB92lQMdehX_y,U.S. POLO ASSN. Men's Regular Fit Mid Rise Track Pant,U.S. POLO ASSN.,1599,1007,37,4.0,135,Machine Wash,Drawstring,India,ANKLE LENGTH,Cotton,Play,Modern
https://www.amazon.in/Keffto-Stretchable-Breathable-Trousers-Comfortable/dp/B0FJXD7BK1/ref=sr_1_68?crid=2K91KPZM8IIUC&dib=eyJ2IjoiMSJ9.yH2AlnNv5CT544pvYBgrLvXEZJE3dRXUAnvaaoStJGignisMHBLjjXMU9rJ2xIltv1xk_6H3fT8IPsPd2xMymwJn2ekyGkSZMeDgbqCUrsrV9KQ_TnXBvlr-KwCGXu8UDhQkf9gMleUCbfpm5dQxaAJj1zHKMvp_ZfzIMCvK9yrA9DfJGKYKAQdbJ48uQ4T6O-9Qu_UHzZUCqveSgc6e9uQfR2BRvoN5UTm-jevLWE2JAPVK2dZux89wfqdbMVn4I_sv1-u840GN0kynZu4zw2Azp0VBoeFm0zQorrwIqi8.7Orw0Kygx7vx4ZleWEEGXLcmFzqgWkm6peTTl1JfCdo&dib_tag=se&keywords=pants&qid=1758558997&sprefix=pants%2Caps%2C236&sr=8-68&xpid=LB92lQMdehX_y,"Keffto Slim Fit Lycra Blend Pants for Men | Stretchable, Breathable Formal Trousers with Dual Side Pockets & Button Closure | Comfortable for Office, Travel & Casual Wear",Keffto,1499,299,80,3.5,8,Machine Wash,Button,India,Standard Length,Laycra Blend,"Wedding, Graduation, Anniversary",Modern
https://www.amazon.in/Pant-Project-Polyester-Formal-Pant_01-Olive-40_Black_38/dp/B0B46MYJCV/ref=sr_1_67?crid=2K91KPZM8IIUC&dib=eyJ2IjoiMSJ9.yH2AlnNv5CT544pvYBgrLvXEZJE3dRXUAnvaaoStJGignisMHBLjjXMU9rJ2xIltv1xk_6H3fT8IPsPd2xMymwJn2ekyGkSZMeDgbqCUrsrV9KQ_TnXBvlr-KwCGXu8UDhQkf9gMleUCbfpm5dQxaAJj1zHKMvp_ZfzIMCvK9yrA9DfJGKYKAQdbJ48uQ4T6O-9Qu_UHzZUCqveSgc6e9uQfR2BRvoN5UTm-jevLWE2JAPVK2dZux89wfqdbMVn4I_sv1-u840GN0kynZu4zw2Azp0VBoeFm0zQorrwIqi8.7Orw0Kygx7vx4ZleWEEGXLcmFzqgWkm6peTTl1JfCdo&dib_tag=se&keywords=pants&qid=1758558997&sprefix=pants%2Caps%2C236&sr=8-67&xpid=LB92lQMdehX_y,The Pant Project Luxury PV Lycra Stretchable Formal Pants for Men | Stylish Slim Fit Men's Wear Trousers for Office or Party | Mens Fashion Dress Trouser Pant,The Pant Project,2990,1590,47,3.8,2150,Machine Wash,Zipper,India,Ankle Length,Polyester Blend,Party,Pants
https://www.amazon.in/RynoGear-Regular-Super-Stretchable-Track/dp/B0CQ51J3FX/ref=sr_1_66?crid=2K91KPZM8IIUC&dib=eyJ2IjoiMSJ9.yH2AlnNv5CT544pvYBgrLvXEZJE3dRXUAnvaaoStJGignisMHBLjjXMU9rJ2xIltv1xk_6H3fT8IPsPd2xMymwJn2ekyGkSZMeDgbqCUrsrV9KQ_TnXBvlr-KwCGXu8UDhQkf9gMleUCbfpm5dQxaAJj1zHKMvp_ZfzIMCvK9yrA9DfJGKYKAQdbJ48uQ4T6O-9Qu_UHzZUCqveSgc6e9uQfR2BRvoN5UTm-jevLWE2JAPVK2dZux89wfqdbMVn4I_sv1-u840GN0kynZu4zw2Azp0VBoeFm0zQorrwIqi8.7Orw0Kygx7vx4ZleWEEGXLcmFzqgWkm6peTTl1JfCdo&dib_tag=se&keywords=pants&qid=1758558997&sprefix=pants%2Caps%2C236&sr=8-66&xpid=LB92lQMdehX_y,RynoGear Regular Fit Super Stretchable Track Pant for Men,RynoGear,999,449,55,4.0,2827,Machine Wash,Drawstring,India,Long Length,Spandex,Outdoor Activity,Jogger
https://www.amazon.in/Symbol-Premium-Tri-Blend-Trouser-SP-S24-M-CT-101_Dark/dp/B0CSNJQ6CM/ref=sr_1_65?crid=2K91KPZM8IIUC&dib=eyJ2IjoiMSJ9.yH2AlnNv5CT544pvYBgrLvXEZJE3dRXUAnvaaoStJGignisMHBLjjXMU9rJ2xIltv1xk_6H3fT8IPsPd2xMymwJn2ekyGkSZMeDgbqCUrsrV9KQ_TnXBvlr-KwCGXu8UDhQkf9gMleUCbfpm5dQxaAJj1zHKMvp_ZfzIMCvK9yrA9DfJGKYKAQdbJ48uQ4T6O-9Qu_UHzZUCqveSgc6e9uQfR2BRvoN5UTm-jevLWE2JAPVK2dZux89wfqdbMVn4I_sv1-u840GN0kynZu4zw2Azp0VBoeFm0zQorrwIqi8.7Orw0Kygx7vx4ZleWEEGXLcmFzqgWkm6peTTl1JfCdo&dib_tag=se&keywords=pants&qid=1758558997&sprefix=pants%2Caps%2C236&sr=8-65&xpid=LB92lQMdehX_y,Symbol Premium Men's Slim Fit Stretch Knit Pants - Smart Casual | Flexi Waist,Symbol Premium,3999,1549,61,4.0,365,Machine Wash,Button & zipper,India,Ankle length,Polyester Blend,Formal and Smart Casual,Pants
https://www.amazon.in/Lymio-Cargo-Cotton-Cargos-Cargo-26-29/dp/B0D91X8NGX/ref=sr_1_64?crid=2K91KPZM8IIUC&dib=eyJ2IjoiMSJ9.yH2AlnNv5CT544pvYBgrLvXEZJE3dRXUAnvaaoStJGignisMHBLjjXMU9rJ2xIltv1xk_6H3fT8IPsPd2xMymwJn2ekyGkSZMeDgbqCUrsrV9KQ_TnXBvlr-KwCGXu8UDhQkf9gMleUCbfpm5dQxaAJj1zHKMvp_ZfzIMCvK9yrA9DfJGKYKAQdbJ48uQ4T6O-9Qu_UHzZUCqveSgc6e9uQfR2BRvoN5UTm-jevLWE2JAPVK2dZux89wfqdbMVn4I_sv1-u840GN0kynZu4zw2Azp0VBoeFm0zQorrwIqi8.7Orw0Kygx7vx4ZleWEEGXLcmFzqgWkm6peTTl1JfCdo&dib_tag=se&keywords=pants&qid=1758558997&sprefix=pants%2Caps%2C236&sr=8-64&xpid=LB92lQMdehX_y,Lymio Men Cotton High Rise Cargo Pants (Cargo-26-29),Lymio,4599,499,89,3.9,1592,Machine Wash,Drawstring,India,Full Length,Cotton,Casual,Cargo
https://www.amazon.in/Pampers-Complete-Comfort-Anti-rash-blanket/dp/B07DP24NSR/ref=sr_1_63?crid=2K91KPZM8IIUC&dib=eyJ2IjoiMSJ9.yH2AlnNv5CT544pvYBgrLvXEZJE3dRXUAnvaaoStJGignisMHBLjjXMU9rJ2xIltv1xk_6H3fT8IPsPd2xMymwJn2ekyGkSZMeDgbqCUrsrV9KQ_TnXBvlr-KwCGXu8UDhQkf9gMleUCbfpm5dQxaAJj1zHKMvp_ZfzIMCvK9yrA9DfJGKYKAQdbJ48uQ4T6O-9Qu_UHzZUCqveSgc6e9uQfR2BRvoN5UTm-jevLWE2JAPVK2dZux89wfqdbMVn4I_sv1-u840GN0kynZu4zw2Azp0VBoeFm0zQorrwIqi8.7Orw0Kygx7vx4ZleWEEGXLcmFzqgWkm6peTTl1JfCdo&dib_tag=se&keywords=pants&qid=1758558997&sprefix=pants%2Caps%2C236&sr=8-63&xpid=LB92lQMdehX_y,"Pampers Complete Skin Comfort Pants, Anti-rash blanket, Lotion with Vitamin E & Aloe Vera, Medium (M), 76 Count, 7-12kg",Pampers,1199,757,37,4.3,212757,N/A,N/A,N/A,N/A,N/A,N/A,N/A
https://www.amazon.in/Lymio-Cargo-Cotton-Cargos-Cargo-113-L/dp/B0DPQY5RW3/ref=sr_1_62?crid=2K91KPZM8IIUC&dib=eyJ2IjoiMSJ9.yH2AlnNv5CT544pvYBgrLvXEZJE3dRXUAnvaaoStJGignisMHBLjjXMU9rJ2xIltv1xk_6H3fT8IPsPd2xMymwJn2ekyGkSZMeDgbqCUrsrV9KQ_TnXBvlr-KwCGXu8UDhQkf9gMleUCbfpm5dQxaAJj1zHKMvp_ZfzIMCvK9yrA9DfJGKYKAQdbJ48uQ4T6O-9Qu_UHzZUCqveSgc6e9uQfR2BRvoN5UTm-jevLWE2JAPVK2dZux89wfqdbMVn4I_sv1-u840GN0kynZu4zw2Azp0VBoeFm0zQorrwIqi8.7Orw0Kygx7vx4ZleWEEGXLcmFzqgWkm6peTTl1JfCdo&dib_tag=se&keywords=pants&qid=1758558997&sprefix=pants%2Caps%2C236&sr=8-62&xpid=LB92lQMdehX_y,Lymio Men's Regular Fit Low Rise Cargo || Cargo Pants Cotton || Cargos (Cargo-113-116),Lymio,4999,549,89,3.8,911,Machine Wash,Drawstring,India,Long [NA],Cotton,N/A,Cargo
https://www.amazon.in/U-S-POLO-ASSN-Cotton-Stretch/dp/B0CW9RV27K/ref=sr_1_61?crid=2K91KPZM8IIUC&dib=eyJ2IjoiMSJ9.yH2AlnNv5CT544pvYBgrLvXEZJE3dRXUAnvaaoStJGignisMHBLjjXMU9rJ2xIltv1xk_6H3fT8IPsPd2xMymwJn2ekyGkSZMeDgbqCUrsrV9KQ_TnXBvlr-KwCGXu8UDhQkf9gMleUCbfpm5dQxaAJj1zHKMvp_ZfzIMCvK9yrA9DfJGKYKAQdbJ48uQ4T6O-9Qu_UHzZUCqveSgc6e9uQfR2BRvoN5UTm-jevLWE2JAPVK2dZux89wfqdbMVn4I_sv1-u840GN0kynZu4zw2Azp0VBoeFm0zQorrwIqi8.7Orw0Kygx7vx4ZleWEEGXLcmFzqgWkm6peTTl1JfCdo&dib_tag=se&keywords=pants&qid=1758558997&sprefix=pants%2Caps%2C236&sr=8-61&xpid=LB92lQMdehX_y,U.S. POLO ASSN. Men's Regular Fit Mid Rise Track Pant,U.S. POLO ASSN.,999,809,19,3.9,232,Machine Wash,Drawstring,India,Regular,Cotton,Play,Classic
https://www.amazon.in/Jockey-Cotton-Track-9500-0103-BLACK-Black/dp/B00W05KR88/ref=sr_1_60?crid=2K91KPZM8IIUC&dib=eyJ2IjoiMSJ9.yH2AlnNv5CT544pvYBgrLvXEZJE3dRXUAnvaaoStJGignisMHBLjjXMU9rJ2xIltv1xk_6H3fT8IPsPd2xMymwJn2ekyGkSZMeDgbqCUrsrV9KQ_TnXBvlr-KwCGXu8UDhQkf9gMleUCbfpm5dQxaAJj1zHKMvp_ZfzIMCvK9yrA9DfJGKYKAQdbJ48uQ4T6O-9Qu_UHzZUCqveSgc6e9uQfR2BRvoN5UTm-jevLWE2JAPVK2dZux89wfqdbMVn4I_sv1-u840GN0kynZu4zw2Azp0VBoeFm0zQorrwIqi8.7Orw0Kygx7vx4ZleWEEGXLcmFzqgWkm6peTTl1JfCdo&dib_tag=se&keywords=pants&qid=1758558997&sprefix=pants%2Caps%2C236&sr=8-60&xpid=LB92lQMdehX_y,Jockey 9500 Men's Super Combed Cotton Rich Regular Fit Mid Rise Trackpants with Side Pockets,Jockey,999,993,1,4.1,8746,"Machine wash,machine wash",Drawstring,India,Ankle Length,Cotton,Casual,9500_Pack of 1
https://www.amazon.in/TOPLOT-Regular-Causal-Trouser-Patti-Pant-5205-Black-30/dp/B0DJKMZ3S3/ref=sr_1_59?crid=2K91KPZM8IIUC&dib=eyJ2IjoiMSJ9.yH2AlnNv5CT544pvYBgrLvXEZJE3dRXUAnvaaoStJGignisMHBLjjXMU9rJ2xIltv1xk_6H3fT8IPsPd2xMymwJn2ekyGkSZMeDgbqCUrsrV9KQ_TnXBvlr-KwCGXu8UDhQkf9gMleUCbfpm5dQxaAJj1zHKMvp_ZfzIMCvK9yrA9DfJGKYKAQdbJ48uQ4T6O-9Qu_UHzZUCqveSgc6e9uQfR2BRvoN5UTm-jevLWE2JAPVK2dZux89wfqdbMVn4I_sv1-u840GN0kynZu4zw2Azp0VBoeFm0zQorrwIqi8.7Orw0Kygx7vx4ZleWEEGXLcmFzqgWkm6peTTl1JfCdo&dib_tag=se&keywords=pants&qid=1758558997&sprefix=pants%2Caps%2C236&sr=8-59&xpid=LB92lQMdehX_y,TOPLOT Men's Regular Fit Causal Trouser || Pant for Men || Trouser for Men,TOPLOT,3999,649,84,4.0,498,Machine Wash,Button,India,Standard Length,Cotton,"Bachelor Party, Diwali, Anniversary, Birthday, Valentine's Day",Chino
https://www.amazon.in/Mehrang-Joggers-Running-Multipurpose-Activewear/dp/B0DHD6NT8J/ref=sr_1_58?crid=2K91KPZM8IIUC&dib=eyJ2IjoiMSJ9.yH2AlnNv5CT544pvYBgrLvXEZJE3dRXUAnvaaoStJGignisMHBLjjXMU9rJ2xIltv1xk_6H3fT8IPsPd2xMymwJn2ekyGkSZMeDgbqCUrsrV9KQ_TnXBvlr-KwCGXu8UDhQkf9gMleUCbfpm5dQxaAJj1zHKMvp_ZfzIMCvK9yrA9DfJGKYKAQdbJ48uQ4T6O-9Qu_UHzZUCqveSgc6e9uQfR2BRvoN5UTm-jevLWE2JAPVK2dZux89wfqdbMVn4I_sv1-u840GN0kynZu4zw2Azp0VBoeFm0zQorrwIqi8.7Orw0Kygx7vx4ZleWEEGXLcmFzqgWkm6peTTl1JfCdo&dib_tag=se&keywords=pants&qid=1758558997&sprefix=pants%2Caps%2C236&sr=8-58&xpid=LB92lQMdehX_y,Mehrang Track Pant for Men || Joggers for Men for Running || Gym Sports Lower for Men & Boys Track Pants for Men Multipurpose || Mens Lower Activewear Cargo Pant,Mehrang,2999,349,88,3.6,723,Hand Wash Only,Drawstring,India,N/A,Polyester,N/A,Cargo
https://www.amazon.in/Ben-Martin-White-Cotton-Oversized/dp/B0D2P6P66L/ref=sr_1_57?crid=2K91KPZM8IIUC&dib=eyJ2IjoiMSJ9.yH2AlnNv5CT544pvYBgrLvXEZJE3dRXUAnvaaoStJGignisMHBLjjXMU9rJ2xIltv1xk_6H3fT8IPsPd2xMymwJn2ekyGkSZMeDgbqCUrsrV9KQ_TnXBvlr-KwCGXu8UDhQkf9gMleUCbfpm5dQxaAJj1zHKMvp_ZfzIMCvK9yrA9DfJGKYKAQdbJ48uQ4T6O-9Qu_UHzZUCqveSgc6e9uQfR2BRvoN5UTm-jevLWE2JAPVK2dZux89wfqdbMVn4I_sv1-u840GN0kynZu4zw2Azp0VBoeFm0zQorrwIqi8.7Orw0Kygx7vx4ZleWEEGXLcmFzqgWkm6peTTl1JfCdo&dib_tag=se&keywords=pants&qid=1758558997&sprefix=pants%2Caps%2C236&sr=8-57&xpid=LB92lQMdehX_y,"Ben Martin Men Jeans || Baggy Fit Jean's for Man || Loose Fit High Rise Denim || Stretchable Casual Wear Jean,s || Dance Rap Rapping Style Pant for Men || Denim Cotton Jeans (0)",Ben Martin,2999,699,77,3.9,2312,Machine Wash,Button,India,N/A,Cotton,N/A,CargoBaggi
https://www.amazon.in/TOPLOT-Cotton-Cargo-Straight-Leg-Men-Cargo-5212-Olive-32/dp/B0DPH83CLR/ref=sr_1_56?crid=2K91KPZM8IIUC&dib=eyJ2IjoiMSJ9.yH2AlnNv5CT544pvYBgrLvXEZJE3dRXUAnvaaoStJGignisMHBLjjXMU9rJ2xIltv1xk_6H3fT8IPsPd2xMymwJn2ekyGkSZMeDgbqCUrsrV9KQ_TnXBvlr-KwCGXu8UDhQkf9gMleUCbfpm5dQxaAJj1zHKMvp_ZfzIMCvK9yrA9DfJGKYKAQdbJ48uQ4T6O-9Qu_UHzZUCqveSgc6e9uQfR2BRvoN5UTm-jevLWE2JAPVK2dZux89wfqdbMVn4I_sv1-u840GN0kynZu4zw2Azp0VBoeFm0zQorrwIqi8.7Orw0Kygx7vx4ZleWEEGXLcmFzqgWkm6peTTl1JfCdo&dib_tag=se&keywords=pants&qid=1758558997&sprefix=pants%2Caps%2C236&sr=8-56&xpid=LB92lQMdehX_y,TOPLOT Men's Cotton Cargo Pants || Cargo for Men || Straight-Leg Cargo for Man || Men Casual Pant,TOPLOT,2999,549,82,3.9,550,Machine Wash,Button,India,Standard Length,Cotton,"Bachelor Party, Anniversary, Honeymoon, Birthday, Valentine's Day",Cargo
https://www.amazon.in/Greciilooks-Relaxed-Track-Trousers-GL-DP-TP-1011-L-WHITE/dp/B0DS137HHV/ref=sr_1_55?crid=2K91KPZM8IIUC&dib=eyJ2IjoiMSJ9.yH2AlnNv5CT544pvYBgrLvXEZJE3dRXUAnvaaoStJGignisMHBLjjXMU9rJ2xIltv1xk_6H3fT8IPsPd2xMymwJn2ekyGkSZMeDgbqCUrsrV9KQ_TnXBvlr-KwCGXu8UDhQkf9gMleUCbfpm5dQxaAJj1zHKMvp_ZfzIMCvK9yrA9DfJGKYKAQdbJ48uQ4T6O-9Qu_UHzZUCqveSgc6e9uQfR2BRvoN5UTm-jevLWE2JAPVK2dZux89wfqdbMVn4I_sv1-u840GN0kynZu4zw2Azp0VBoeFm0zQorrwIqi8.7Orw0Kygx7vx4ZleWEEGXLcmFzqgWkm6peTTl1JfCdo&dib_tag=se&keywords=pants&qid=1758558997&sprefix=pants%2Caps%2C236&sr=8-55&xpid=LB92lQMdehX_y,GRECIILOOKS Men's Lycra Cargo Track Pants – Loose Fit Joggers for Men | Korean Style Travel & Home Wear with Pockets (Available in Plus Size and Combo Pack of 2),GRECIILOOKS,1999,399,80,4.0,192,Machine Wash,Drawstring,India,Standard Length,LYCRA TWILL,"Christmas, New Year, Anniversary, Honeymoon, Birthday",Single Pack
https://www.amazon.in/QUIXEL-Track-Cotton-Regular-Alpha/dp/B0D9N7FYLH/ref=sr_1_54?crid=2K91KPZM8IIUC&dib=eyJ2IjoiMSJ9.yH2AlnNv5CT544pvYBgrLvXEZJE3dRXUAnvaaoStJGignisMHBLjjXMU9rJ2xIltv1xk_6H3fT8IPsPd2xMymwJn2ekyGkSZMeDgbqCUrsrV9KQ_TnXBvlr-KwCGXu8UDhQkf9gMleUCbfpm5dQxaAJj1zHKMvp_ZfzIMCvK9yrA9DfJGKYKAQdbJ48uQ4T6O-9Qu_UHzZUCqveSgc6e9uQfR2BRvoN5UTm-jevLWE2JAPVK2dZux89wfqdbMVn4I_sv1-u840GN0kynZu4zw2Azp0VBoeFm0zQorrwIqi8.7Orw0Kygx7vx4ZleWEEGXLcmFzqgWkm6peTTl1JfCdo&dib_tag=se&keywords=pants&qid=1758558997&sprefix=pants%2Caps%2C236&sr=8-54&xpid=LB92lQMdehX_y,QUIXEL Track Pant for Men || Men Track Pants || Track Pant for Men Cotton...,QUIXEL,999,474,53,4.2,898,Machine Wash,Drawstring,India,Full Length,Cotton,Casual wear,Modern
